# the 128 unit directions sliced_w2 draws at seed 0
-0.134501666 -0.137669995 -0.0299360845 -0.0518345721 0.101393603 0.0826728493 -0.0377533659 -0.252700746 0.0385014936 -0.150927886 0.0418117382 0.0368120931 0.014317207 0.147860333 0.133418962 -0.029541729 -0.161598638 -0.202609271 0.0676965192 0.0947987437 0.0715420619 -0.185783863 -0.0407815799 0.221374661 0.0896235183 -0.0699480847 -0.0207153689 0.0219197124 0.165984586 0.189515948 0.113052227 -0.100792252 -0.0733034536 0.00377431698 -0.0588590652 0.0296775773 0.0525295176 0.0134295225 0.0765540823 0.0527039915 -0.0122227138 0.0946715772 -0.0346059613 0.00627295626 0.0624650083 0.275039524 -0.175485596 -0.189558297 -0.0804126039 0.104275271 0.126081303 0.0212466549 -0.0275176838 -0.0468020551 0.064906247 -0.0472086184 -0.0533086099 0.0888865516 0.181708157 0.407445431 -0.182927296 -0.147439465 0.217398658 -0.0658899471
-0.0688098818 0.11120481 0.134273857 0.155918106 -0.1786796 0.310323417 -0.057190042 0.04056089 -0.196950585 -0.0664522275 -0.0580016784 -0.0604008622 -0.128975019 0.134772301 -0.0170041621 0.0973983482 -0.0112838 0.0830496475 -0.101334363 0.000107802138 0.101766951 -0.0483556017 0.125648677 0.0432930328 -0.0297362413 0.278324902 -0.227455899 -0.00601093145 -0.126315519 -0.115620412 0.00405328302 0.0858342499 0.198950037 -0.16441527 0.0416505747 0.0628408641 -0.315894693 -0.205067426 -0.0275895279 0.0338405594 0.0298481099 0.00929399114 0.0408576578 0.0549274348 0.0552343465 -0.104604803 0.0944433808 -0.112028979 -0.0264523029 -0.294347197 -0.00881380308 -0.00410825154 0.116347827 0.0422069579 -0.111385003 -0.00679274462 -0.0752708986 -0.0560540706 0.232302293 -0.0486591235 0.0149771543 0.140797362 0.111616068 0.167694256
-0.139022335 -0.0659270138 -0.126660571 0.08901342 0.0960568711 0.0734763667 0.306987047 -0.167306423 -0.0121692345 0.0183183793 -0.0934799984 -0.195764765 -0.0160669517 -0.162655935 -0.0492019169 0.0386807881 -0.040861398 0.0186234377 0.0383932367 0.183280438 0.0454149768 0.0608412921 -0.0316426791 -0.0185589027 0.0302475654 -0.121519126 -0.299069196 0.0205655191 -0.110839143 0.0495295934 0.0247698966 0.0606469251 0.152205721 -0.155972868 0.0474655256 -0.0168891251 0.157133281 -0.0784858465 0.119780749 0.0973058492 0.0494237728 0.0335735418 -0.018893145 0.0567277893 -0.0494217202 -0.169762984 0.0378978476 -0.21973297 -0.0104095805 -0.0563965663 -0.245752662 -0.0558124185 0.170135111 0.0206915196 0.247637391 0.122978397 -0.169755116 -0.113454059 0.231467769 0.0433783941 0.104935482 -0.156493276 -0.187177703 -0.188214049
-0.081664294 0.0778471306 0.0593751296 0.0575802289 0.0250278208 0.127837256 -0.0418933667 0.149083316 -0.0108561134 -0.159383267 0.0572066419 0.0867565125 0.0966426581 -0.176030263 0.0886409283 -0.0798441172 0.170891747 0.0142271928 0.140580848 0.122624569 -0.18294017 0.144004539 -0.0721827745 -0.187228665 0.139391199 0.187306687 -0.0971661732 0.082467407 0.0419833027 -0.00487030018 -0.154956579 -0.0166976936 -0.0501014479 0.22928758 0.0279614944 0.0554432087 -0.0211238023 0.0930446982 -0.0410473906 -0.194062784 -0.0207229797 -0.0779454783 -0.0763743371 0.12571542 -0.129430518 0.1223986 0.168236792 -0.256989002 -0.215640321 -0.256197155 0.0111145889 -0.157395735 0.210182562 -0.0161385108 0.0841786116 -0.0246868134 -0.00934286043 0.151532754 0.132328659 -0.0693895444 -0.127063766 0.0211216789 0.277675241 0.0569686927
-0.00573947281 -0.116833225 -0.0722371489 -0.0526991114 0.0852939114 -0.168514982 -0.020898778 -0.0283879843 -0.0124728614 0.203283876 0.0870121196 -0.0703864172 -0.0533674173 -0.193448842 0.247126579 0.30109477 -0.0341047943 0.103108153 0.084555544 0.0391112901 -0.300138384 0.0778459534 -0.078046307 -0.125899419 -0.00342484983 0.170798227 0.0581179671 -0.0289674252 -0.168505371 -0.0461620092 0.137070388 -0.16719535 0.0814586282 0.115417287 -0.0269208048 -0.10667292 -0.0117568979 -0.142866731 0.00881806016 -0.0712765604 -0.118620321 0.119533382 -0.0922998041 0.18874073 0.213241503 -0.0904426947 0.144080803 -0.0630000308 -0.0908487812 -0.0315228067 -0.0712359399 0.114717104 0.0156838596 -0.156192884 -0.0170041341 -0.148247227 -0.174633279 0.0697434694 -0.179231837 -0.199714825 0.225007251 -0.0048406953 -0.0610245652 -0.037259154
-0.0143760089 -0.0060732686 0.0454255976 0.12529999 0.215261027 0.112097614 0.111759059 -0.0482259095 -0.138229936 0.142896831 0.0271178894 0.0589996353 -0.00161643769 -0.248707324 0.163085163 -0.135611326 0.0716658905 0.437184274 -0.0138412938 0.0328546092 0.0425674878 -0.0611524917 -0.11057923 0.149725661 0.216441408 -0.143543571 -0.261362076 -0.230145812 0.101166464 -0.0772714168 0.217975318 -0.122792795 0.0601980798 0.171197891 0.120815031 0.138653472 0.0128012616 0.180136129 0.0515825115 0.144697338 0.0971405283 0.007244871 0.0860174298 -0.107920825 -0.0987475812 -0.0354104526 -0.0371999927 0.0505357459 0.0555048883 0.0976708159 0.0433228463 0.162694409 0.0533415489 -0.0593368486 -0.00385470968 0.0731194913 -0.0346214361 -0.0625187978 -0.0537850298 -0.141513258 -0.0193582829 0.0616414584 -0.0202078205 -0.0260834545
0.0314501561 0.0852338597 0.135144696 0.100004114 0.0583100468 -0.164346933 0.0333997086 0.079112418 0.155028686 0.43844986 0.119538389 -0.167496115 -0.0747205094 0.0614019707 0.132349029 -0.0684737712 -0.081722185 0.0257458705 0.0177909192 -0.238581046 0.148506731 -0.0536993779 0.179559276 -0.10946063 0.180225402 -0.130171344 0.0817746222 0.127972052 -0.0761969537 -0.00701001519 0.235711455 0.19083488 -0.00126576936 0.104726471 -0.113960959 0.18942301 -0.0298529286 -0.0296008065 0.0800601691 -0.0687853917 -0.101743124 0.0290256348 0.0717918202 0.197763175 0.127312616 -0.0630556792 0.103125818 -0.161349729 0.241137728 0.131358325 -0.0518957861 0.0484867617 0.144469514 0.0463868007 -0.0548666678 -0.0198862795 0.0294678714 0.0117259361 0.0384224541 -0.0805747062 0.0245228279 -0.0272000972 0.16890353 -0.0261225644
-0.127621919 -0.00273379474 0.191827863 -0.112779483 0.362164855 -0.0605238862 -0.050606586 0.185525894 -0.0217552092 -0.0336761735 0.137693927 0.143177107 0.0206415504 0.167274296 -0.0407347344 0.148479566 0.0364786126 -0.170767099 -0.0625072569 0.0638997033 0.0465956889 -0.0102657303 0.0351507105 -0.0199577492 -0.151883349 0.0630659312 -0.123267002 0.00380605669 0.0229903497 -0.0974989459 0.166015908 -0.335652798 -0.0597184785 -0.0457967818 -0.035465356 -0.164583996 -0.00156632916 0.130389392 0.169611901 -0.173641235 -0.00605344912 0.0670149848 0.0288606845 -0.0730095506 -0.11620032 0.178767964 -0.0937466845 0.0617332421 0.0387652069 0.00938016083 -0.139095441 -0.0751793608 -0.0174776241 -0.103393942 -0.109713346 0.0688903183 -0.0202872809 0.0762735903 -0.212881282 -0.256461322 0.0233533103 -0.18081075 0.139362797 -0.176812604
-0.064523004 -0.0744607076 -0.0749891326 0.115164638 0.0247946214 0.00353173283 0.201960221 -0.0857543573 -0.0913997889 0.0704476386 -0.147747278 0.135361284 0.0873593315 0.14807567 -0.0525240637 0.0967068374 -0.096655339 0.0425743088 -0.190779552 -0.29224804 0.00427210378 -0.0404358767 -0.0451000854 -0.00672066445 0.0996803567 0.0806871653 0.40107581 -0.197179869 0.060362149 -0.0337914824 0.0395891368 0.138474032 0.15307425 0.105262637 -0.0578795783 -0.138559133 -0.0811800808 -0.275882721 0.0111116897 -0.0238776729 -0.00703326706 0.237715676 -0.0397947133 0.0385172628 0.0632385164 0.233160406 -0.0245191325 -0.00361262821 0.0149739739 0.000655372161 0.0938573405 0.0481085517 -0.0426435657 0.154817402 -0.114028923 0.104051463 -0.0121081918 -0.0799943134 -0.0485229529 -0.19124566 0.0600135252 0.274476171 0.0271498486 -0.0625828505
-0.0986707956 0.000481477618 -0.142122686 -0.122528888 0.085075587 0.0365674272 -0.031072082 0.14751491 0.0239248369 0.0307277367 -0.104719631 -0.308788747 -0.0637433231 -0.0309579242 0.0157931466 0.0574600138 0.031308189 -0.110866763 0.100426577 0.177273363 -0.00924813654 -0.0394770652 0.0228712168 -0.0325830467 0.0167554468 0.273281008 0.150029674 -0.0298123192 0.0411792807 0.287436396 -0.303870201 0.275978893 0.00117216678 -0.112588562 0.110556096 -0.0498761684 -0.0294940528 0.0901596323 -0.125091046 0.263320714 -0.0864357278 -0.0536642931 -0.0559567474 -0.0224118158 0.25024876 -0.0154438009 -0.115037151 0.0201571826 -0.0580276251 -0.0637721494 -0.103762075 -0.0846896321 -0.0107260263 0.124381669 0.148062766 -0.0330872834 -0.0890712887 -0.019153405 -0.245727345 0.0813773647 0.0322512127 0.0258770287 0.144990519 -0.155829862
0.0630915016 -0.110583194 0.0235846695 -0.0409227088 0.0635872036 0.179817125 0.0700314939 -0.0394370928 0.0472130924 0.104203679 -0.169652626 0.138548017 -0.0349461921 0.267917514 0.038565632 0.25373593 -0.145368606 0.291286469 -0.0824738964 0.134225875 -0.0641427785 0.0951486379 0.233408868 -0.0512598306 -0.0503906831 -0.0551778339 0.0379934087 -0.113594972 0.0930922255 -0.0668884739 0.0240403377 0.0249371715 0.111351907 0.0855283737 -0.169783175 -0.238688603 -0.0206598658 0.0728092566 -0.197049588 0.0953890979 -0.0454553515 0.149062231 0.060049247 0.0406624489 -0.121091321 -0.111852564 0.107125849 0.0570292808 0.114797518 0.116221823 -0.136013702 -0.0682967976 -0.0217235982 -0.144375637 0.138128519 -0.0228041373 -0.155945674 0.122638345 -0.119815104 -0.0335428379 0.215607911 -0.279425859 0.0475671813 -0.0198210385
0.0754253864 0.135625094 0.165985987 -0.208715022 -0.0992836505 -0.157578439 0.0739987418 0.0902759582 0.0324147567 0.0359519608 -0.0122186402 0.20792909 -0.0157086216 -0.180001795 -0.116820514 -0.0447636135 0.0910170227 0.00394372689 -0.110293955 0.0695688799 -0.0679771379 -0.171984836 0.199498624 0.052759245 -0.26528272 0.0679016337 0.0773991048 -0.0526551008 0.0584915504 -0.0505854115 0.27634865 -0.0266236365 -0.01270332 0.0626805052 0.0913571566 0.00556029426 -0.0567374974 -0.0872957408 0.224514171 -0.121662997 -0.137460515 -0.0296586305 -0.162219077 0.0719180629 0.0203502532 0.132608756 0.158717185 -0.000157923292 -0.233637288 0.0894194394 0.154705897 0.170002848 -0.0449732542 0.155905381 -0.0836436376 0.0679816157 -0.122760259 -0.277023792 0.0494131893 -0.0529039688 -0.0953638777 0.213718906 0.0671871826 -0.0300339367
0.0576366745 0.0311142113 0.171128914 0.0411108211 0.18825826 0.0687610731 -0.199926928 -0.0720742047 -0.000724130718 0.103728324 -0.000892199401 0.00523412693 0.0671298131 -0.183369651 -0.0681086704 -0.01320739 0.081276983 -0.0643792301 -0.0442275628 -0.00512665324 0.0602050908 0.0880720913 -0.119263247 -0.144886941 -0.0131739164 -0.0711477995 0.0988397226 0.017971551 0.128145427 0.126816452 0.0660786927 0.0899591222 -0.157219067 -0.0886878967 -0.0242202934 -0.0307273287 -0.0901316479 0.163059041 -0.345027983 -0.0167067032 -0.0984827131 -0.0345103703 0.246720597 0.0582526289 -0.102788895 0.231444672 -0.196794301 -0.0778665319 -0.0882608742 -0.221841484 -0.129980534 -0.0699354634 -0.280290872 -0.106259689 0.0813232735 -0.0876105502 0.0436080806 0.130699694 0.00253719557 0.173081666 -0.254059941 -0.0126377195 -0.181799084 0.0646698996
-0.140114084 0.0529407859 -0.0532911159 -0.076715298 -0.0339969695 -0.0796338171 -0.0247547701 0.126192629 0.0894242972 -0.101156026 -0.00958452281 -0.189806551 -0.165992662 0.0773484483 -0.115271069 -0.136142164 -0.159807146 -0.0223068018 0.07657253 0.24850519 0.035604652 0.0960173458 -0.168341622 -0.0471022092 -0.00805588998 0.17609185 -0.139250085 0.0546963513 -0.102589235 -0.00321169058 -0.124208428 0.0100056939 0.40958631 -0.106619634 -0.145339891 -0.0951180905 0.103655964 0.179441452 0.0491368473 -0.131561607 0.000205086413 -0.0173005648 0.0135645345 -0.0486296006 -0.0935781077 -0.0158199444 0.162843138 0.0261066947 -0.105007499 0.0363016687 0.0129123153 0.32640633 -0.15789409 0.13426055 -0.0508885123 -0.00748112146 -0.0359591767 -0.00802885648 0.0699720904 -0.117983669 -0.171173632 -0.180532753 0.222365275 -0.0607813559
0.0225086957 -0.114191286 0.124987863 -0.0630534738 -0.232283235 0.0431104898 0.00965684466 -0.0947912335 -0.0303620249 0.0490022786 0.106040791 0.14726299 0.0854986459 0.337953568 -0.275055707 -0.187531918 -0.00563504081 0.153964758 0.254020154 0.0582941771 0.0167370252 0.057362102 -0.0651894882 0.11063689 -0.14565742 0.000619165949 0.0627861097 -0.15690951 -0.0356710069 0.0177039094 -0.164025158 0.0910336301 0.112400822 0.142265648 0.230190173 0.0129073132 -0.0163884722 0.0987375155 -0.0842293948 -0.170131028 -0.197304502 0.0768943876 -0.271561086 0.00228834129 -0.013855367 0.186433464 0.251664817 -0.1057835 0.0789944977 0.0933644101 0.00773196388 0.000689129462 -0.155397788 0.0132068433 -0.0366204083 -0.0929530933 0.0509820022 0.0681023747 -0.0242171995 -0.0266083311 -0.0691116303 0.0902348384 -0.0631383583 -0.0132069048
-0.0576087609 0.109772004 -0.190349609 -0.0134496158 0.0101014907 0.0795761049 0.0537258908 -0.0857188255 -0.0476999208 -0.148146227 -0.276928723 -0.0108733932 -7.2169074e-05 -0.154406697 0.270422161 -0.0238663312 -0.204179317 0.144905299 0.00684317481 -0.223196298 -0.0622091629 0.0051328307 -0.178483307 0.0747912601 -0.0974243805 0.286063731 0.00673528947 0.0609473437 0.109805018 -0.0187938269 -0.0495624207 -0.0616519898 -0.174506888 0.0945208445 -0.257438749 0.142055348 -0.141178221 0.0303458255 0.0916423053 0.0712919906 0.0477498807 0.0782548115 0.00497443881 0.0839846358 0.113200389 -0.118892603 0.130089268 0.117119692 0.1197014 -0.124662094 0.0436886214 -0.110396847 0.0488543324 0.0299413558 0.0376138203 -0.0424858704 -0.0540601723 0.0290790237 0.173270628 -0.14000386 -0.220260054 0.0724457726 0.145937547 -0.230573192
-0.11939647 -0.0141786905 -0.0750111043 -0.144266665 0.0727193952 -0.155518919 0.202053353 0.0502433926 0.0302861407 0.0219478905 0.0120173162 -0.0928444564 0.0666509494 0.145121291 0.117956139 -0.134554803 0.0692606568 0.111613624 -0.0880463049 -0.0138405878 0.0744437575 0.0949924365 0.197891951 -0.16605553 0.00801238324 -0.252485722 0.0591568314 0.0750777721 -0.164800167 -0.108205862 0.0791209936 0.0484831668 -0.061885789 0.0731247962 -0.231651723 0.0966682285 -0.0261230208 0.17244266 -0.126025379 -0.293327332 0.233986616 0.152814627 0.0893791839 0.017943643 -0.0739969239 -0.186443478 -0.118388094 0.0940937102 -0.0651400834 0.0467483066 -0.136581957 -0.00778351864 -0.00696063787 0.0651975274 -0.0490723848 -0.134253576 -0.170837507 0.052026473 -0.301701039 0.00285049295 -0.0216127429 -0.0861326233 -0.235768363 0.0367567316
-0.187332675 0.103588298 -0.146197692 -0.29593426 -0.135184675 -0.246215925 0.11127124 0.111568019 -0.0125437677 0.0274083056 0.00458752876 0.0969734341 0.0391994417 0.17877315 -0.0872230008 -0.120323628 -0.0343316682 -0.13491632 0.0775136799 0.06530568 -0.223635823 0.126722053 0.121575132 -0.0111326147 0.0927334577 -0.234815538 0.0184545442 0.00586998649 -0.0941780955 0.152785242 0.0498753525 0.0295419134 -0.0573724955 0.0382180773 0.0728333965 0.0450706556 -0.0334003866 0.169889897 -0.0695515499 -0.00513425563 -0.164248958 0.0337600447 0.0693336949 -0.200800419 -0.0222365111 -0.0489453003 0.0775523707 0.0961282179 -0.00963847153 0.195431173 -0.253311336 0.00792859774 -0.00172067841 0.23944062 0.04199633 0.123582006 -0.183190376 0.0258215349 -0.23335667 0.00680678338 -0.186404943 0.117263041 -0.111346617 0.0209159255
0.0497736931 -0.0805474892 0.00641054893 0.0418220572 -0.0261242259 0.192216858 -0.111567862 -0.192618847 0.00597068109 0.122187138 0.260480911 -0.0224708319 -0.0955411196 0.21847561 -0.06189619 0.00695804646 -0.0674070939 -0.0850734338 -0.0806722641 0.0854660943 -0.0574416742 -0.0206560083 0.0932815969 0.146115303 -0.0775379166 -0.00804398768 0.0761031285 0.246213198 0.0363101251 0.0653517768 -0.0642853826 0.0122344196 -0.0143749239 0.0458520725 -0.125580713 0.132759199 0.141053393 -0.0213125087 0.00783568621 -0.156181946 -0.0763952956 -0.0292800106 0.0109711578 0.221467286 -0.253678262 0.0396224 -0.140085638 0.152723551 -0.186773345 0.147645682 -0.0547453463 0.00610974478 -0.0213497858 0.0943282694 0.0760080218 0.343120098 0.0531945638 0.262014955 0.313615322 0.0368038155 -0.0717906654 0.040029861 0.0163883138 0.0153589062
-0.160082623 0.00195092533 0.0369826183 0.00333936466 0.0428457856 0.045560915 0.0898367316 0.132579491 0.0560632423 -0.177462369 0.0586773232 -0.149634346 -0.211496115 0.131888807 -0.0583820082 -0.00742798159 0.0783575177 -0.0160871837 -0.0756702274 0.0500268899 0.0298212823 0.142930984 0.123629995 -0.00602444727 0.0460801274 -0.099802345 -0.161084205 0.0110559622 0.162824139 0.0391118713 0.152909592 0.0389872901 0.180180952 0.108147696 0.0665489435 0.244485781 0.168530583 -0.0332280584 0.160057396 0.107370652 -0.153824925 0.00461184699 -0.176089942 -0.156731546 0.0374683402 -0.0113329431 -0.079240337 0.123884477 0.154455766 0.021230692 -0.118265301 -0.217991635 0.227799401 -0.0218790639 0.0501303002 0.128800303 0.0335517861 0.169646651 0.0940677598 0.29427886 -0.0556787588 -0.245137259 -0.103301972 -0.202662021
-0.0461090617 0.0826699808 0.0922736451 0.0993013754 -0.123962052 -0.0912880227 0.0839784443 0.259234667 0.0517683811 0.117909662 -0.147398546 -0.159608856 0.186875239 0.0662896037 0.0906300768 0.147763684 0.107502535 -0.0204526689 -0.0365936533 0.0380579717 0.133843049 -0.157464325 0.223202437 -0.239056259 -0.172731414 -0.107576631 0.282484502 0.047765661 0.0460066982 -0.0247394573 -0.0211835392 0.162399292 -0.149293631 -0.0611619316 -0.172350019 0.14374651 0.0155119961 0.0358600356 -0.250847757 -0.0727398619 0.0296213143 -0.0384806879 0.0892139152 0.199209109 0.00324136531 -0.066356577 0.0983495712 0.170122266 -0.0206196811 -0.0379317366 -0.0839289352 -0.0331319757 0.107390344 -0.146875814 -0.0987490118 0.109846011 -0.126675621 0.0878863484 -0.0914796591 -0.0388769582 0.249252409 -0.147339404 -0.0192183889 -0.0461545065
0.0879576653 0.100614101 -0.236165419 0.0448191315 -0.0265893079 -0.14387852 -0.0320741758 -0.234689713 -0.032499332 -0.0223771986 0.0729977414 -0.0138447033 0.129872307 0.266263515 -0.0797141269 -0.183521375 0.146234155 0.235437497 0.0150628835 0.0771939382 0.156919271 -0.155514851 -0.174728587 -0.0793139711 0.113169089 -0.170620948 0.0671539381 -0.164949521 0.0235194117 0.0939622745 -0.00582015701 -0.0479288287 0.123599969 0.140837789 -0.115518011 -0.0691756085 0.125509098 0.041759856 -0.118183181 0.0904499069 -0.050094977 -0.0684261173 0.00992058869 0.132286265 0.323315471 -0.0519441441 0.0259744171 -0.0167219006 -0.18067129 0.142678946 0.214746311 -0.0250907484 -0.114907824 -0.0857113302 0.0951652452 -0.030176837 -0.0503851064 0.207680061 0.0744859427 -0.0614313334 -0.102845475 -0.023987975 -0.15079847 0.113919981
0.0605583116 0.10326048 0.0529168025 -0.120999359 -0.282021165 0.265894353 -0.0605682991 -0.0181855001 -0.209195614 0.000279520289 0.189693362 -0.076109454 -0.00494166231 0.21292156 0.332299352 0.175073087 0.00775410468 -0.053634569 0.0383684374 0.0236634742 -0.108801499 0.0412975624 0.0608573407 0.172525957 -0.0115722874 0.174288407 0.27488181 0.224308282 0.0303418487 0.00658682222 0.0235561281 -0.00846715644 -0.112715967 0.148652434 0.0903562903 0.0421865731 0.0806334391 -0.108135685 0.00860704202 0.162001923 0.00169401313 0.0020993962 -0.104645677 -0.0291035548 -0.125479043 0.180765361 -0.121220484 0.0325298756 -0.122156829 0.129485577 0.0330318026 0.0246131383 0.1131249 -0.0771385804 -0.133991107 -0.0294006225 0.0697485879 0.0672746375 -0.123632401 -0.226445779 -0.0227636453 0.136034399 -0.0215899739 -0.02078625
0.416541159 0.193750292 -0.0830010697 0.0161745511 0.035480693 0.0704251155 -0.0526051521 0.0240470096 -0.0461811386 -0.204743698 -0.003782955 0.040936619 -0.00262415479 -0.0504365042 -0.246004149 0.164285839 -0.187905863 0.128875718 0.202242196 -0.175216138 0.156388521 0.0307647884 -0.037302278 -0.0757874101 0.144187585 0.0557792373 -0.059170913 0.0119222663 -0.108680338 0.0251887348 -0.0700753853 0.185714766 0.0223199259 0.108318664 -0.0591917485 0.187662169 -0.095183894 -0.229560956 -0.1511565 -0.00323406328 0.0897345319 0.0293866135 0.0771680996 0.0444109663 0.062640056 -0.011797661 0.0310276523 0.117176436 -0.207540542 -0.0819053352 0.0974641368 -0.0848693103 0.182205439 -0.261424631 -0.0309409834 0.0288589355 0.0622824542 0.177023783 -0.0482382961 0.0424772464 -0.0943949819 -0.00406048913 0.0109718684 0.107745893
-0.0958150476 0.146001801 -0.198594183 0.100578636 0.0518247634 -0.0281119421 -0.0400290601 -0.221934021 0.0582537875 -0.110405706 -0.010293846 0.101311304 0.336673677 -0.0662237033 0.186636329 -0.209081426 -0.309558094 -0.151626065 -0.0319300368 0.173855305 0.0112191876 0.0106714545 -0.0554555282 0.0445391051 -0.232756793 -0.106410384 0.132939309 0.0119525352 -0.0851392969 0.0496355556 0.03208258 0.0247629266 -0.0197099559 0.091955632 -0.0311807711 -0.0245632585 -0.247113183 -0.0783699751 0.0759957358 -0.0176113062 -0.084984988 0.172401965 -0.0101599945 -0.0829904974 0.0573540069 -0.0500182956 0.0700960159 -0.116146289 -0.058611881 -0.130269766 0.0529433042 -0.193055302 0.186652869 -0.124987707 -0.00159879657 -0.0981408581 0.180326253 0.0288697667 -0.000758765964 -0.00286353473 0.139124602 0.0291478727 -0.202969611 0.161770985
0.0302818567 -0.233078077 -0.214555681 -0.128401443 -0.056414336 -0.095526807 0.144454241 -0.090283826 0.0883238465 -0.153391272 -0.017669281 -0.0264449418 0.143921539 -0.099336639 0.0990718305 -0.123385102 0.152623326 0.0232780818 0.0350553505 -0.0525628105 0.0292403065 0.0231722165 -0.0528814271 -0.298831791 -0.154729575 -0.135377824 -0.0506328344 -0.139054447 -0.146307275 -0.0414313823 0.0476972274 0.126120627 0.140395954 0.144107997 0.0500846542 0.0613542758 0.180404618 -0.280405849 -0.0328360014 -0.0814324915 -0.206195176 0.0379028581 0.0603629947 0.00731444731 -0.126210362 0.00797325559 0.263011247 -0.146348521 -0.106089346 0.000571309531 -0.0104596177 -0.144603819 0.0647531822 0.034734685 -0.159298271 0.0950640813 -0.027739564 0.0795848146 -0.194223568 -0.0882422626 0.0267074741 0.0692183897 -0.13083899 -0.242831975
0.0312541947 -0.202161223 -0.0534416474 -0.258429259 0.240064904 -0.0579930693 0.185775533 -0.0138185788 0.107455157 0.0055394806 -0.0593506433 0.221724182 -0.0311356056 0.154407173 0.064866513 0.183511332 0.0235773847 -0.0241514109 0.0650800988 -0.0696123391 -0.0233611073 0.0137782404 0.0699238181 0.205271244 0.0234598182 -0.269899428 -0.0741758794 0.000490539242 -0.131501973 0.0720330253 -0.0579138435 -0.0184663311 -0.0718600601 0.244404733 -0.00287324004 0.0874621943 -0.130634978 -0.0078794919 0.144819304 -0.0801769793 0.154829487 0.185415268 -0.00975438207 0.100710019 0.102788597 -0.0445125513 -0.141806141 -0.0689692646 0.0870025754 -0.0127222268 -0.142735451 -0.164710253 -0.230171844 -0.152572989 0.249977171 0.0167471915 -0.0615851693 0.0993365869 0.159546882 -0.00309752463 0.153829202 -0.109251849 -0.0890255421 0.0529627018
-0.11965695 -0.0139598437 0.140676975 0.000587265706 0.152651846 0.251590043 -0.206292421 -0.132018015 -0.12830466 0.0528876148 -0.0723350868 -0.265254527 0.171058357 -0.113924257 0.00962403975 0.0185572058 0.0771121979 0.0353368931 -0.145774662 -0.0570267886 0.00351648242 -0.076336503 -0.0562939309 0.0454156548 -0.0843954906 0.109749384 0.017670406 0.0728623345 0.0318808183 0.0470590703 0.107935458 -0.242416427 -0.0436076745 0.00446170941 0.026169328 -0.0499530509 -0.141096935 -0.0185946003 -0.103838541 0.292221099 -0.0806779861 0.157778382 0.0801952183 0.0985538512 0.212101668 -0.0903427377 0.0871879458 -0.156618759 0.0174576174 0.0273450874 -0.123512402 0.22430943 0.330616027 0.0291899089 -0.142709523 0.0777338669 -0.0842747092 0.106991604 0.133906484 0.127200797 0.0403499044 -0.15580453 -0.0309296735 -0.057537999
-0.245264292 -0.218225777 0.130099952 -0.0923129842 0.14764376 -0.0098262541 0.0570722222 -0.0768966898 -0.124357305 -0.00304199243 0.151626244 -0.0824937299 0.162109613 -0.211205274 0.183851019 0.126956984 0.0795421004 -0.222472504 -0.0350837111 0.16727151 -0.142806292 -0.242163166 -0.167463183 -0.0985302031 -0.0614992641 -0.158428743 -0.0638254434 0.136675686 0.160177395 -0.0709095821 -0.0670093074 0.198437423 0.00463336846 -0.113242701 -0.126171798 0.217059374 0.0304819606 0.201456398 -0.0287513062 0.0225690249 0.0110633969 0.0498869605 -0.151828408 0.203177348 -0.026798673 -0.0624585226 -0.00562761584 -0.0149284201 0.102701463 -0.0312208962 -0.0612852648 -0.0488631427 -0.00147056556 -0.0580888242 0.136874318 0.0321433917 -0.00702239387 0.104650542 -0.123270616 0.156275362 -0.0736996233 0.0102124484 -0.144561291 -0.182250053
-0.026442742 0.0181445088 -0.136560112 -0.148685783 0.00040021888 -0.0888067186 0.307685971 -0.224140629 0.255086958 0.192865625 -0.0275063105 -0.220864639 -0.0782938898 -0.294262767 -0.154964641 0.224902585 0.096484445 0.162603199 0.0461008921 0.0785496309 -0.101970516 0.0437186062 -0.0566081963 0.0562573932 -0.0394040234 0.0527349189 0.157893091 0.00528144604 -0.103393376 0.0386191234 -0.0914326236 0.080254443 -0.0264518075 -0.0677077249 -0.0545470081 0.00296340231 -0.0535610318 -0.0799989849 -0.00487026479 -0.103942193 0.0674970001 0.0534439981 -0.140455499 -0.291581869 -0.297901839 -0.100285761 0.0158006493 0.00346531672 0.117535338 0.0102941347 -0.0561923124 0.123524085 -0.0269585326 -0.136156246 -0.0398877114 0.031060474 -0.0904776827 0.0856511742 -0.113836154 -0.00321675185 -0.00394851901 -0.172940791 -0.119344532 -0.0299503729
-0.13320449 -0.10166274 0.159598753 0.282273263 -0.175612003 -0.00448271772 0.0873960182 -0.209491909 -0.01460947 -0.00869105104 0.0244462416 0.117717832 -0.0469349399 -0.281618804 -0.145938739 -0.0287342705 -0.203980327 -0.0772140622 -0.04079495 0.0500119999 0.067572616 0.0727160349 -0.0925816372 -0.114990011 0.103621893 -0.214812785 -0.0363912135 -0.0115630589 -0.0214893818 0.157139808 0.000916323857 -0.0656535923 0.33039242 -0.13246052 0.074146606 0.0772168711 -0.139319107 -0.0167978052 0.0749066025 -0.0165941976 -0.0846493319 0.0176397469 0.0988147184 -0.0507966727 0.257245094 0.135797352 0.101066932 0.276727438 -0.00356224249 0.0913816541 -0.0400908962 0.00152001157 0.16854696 0.0199795477 -0.105256103 -0.0950369239 -0.0694962144 -0.0408734605 0.0177334901 0.146623477 0.150140554 0.0708235651 -0.134577155 -0.0834913775
0.0972036049 -0.123657733 0.0232060533 0.0151143475 -0.184721485 -0.384205639 -0.00782501325 0.0705782846 -0.206283331 0.066145733 0.222742468 -0.0419550166 -0.0394863486 -0.0475153849 0.0110402787 -0.0690692663 -0.0111770928 0.174017876 0.0958051905 -0.0271221586 0.154058561 -0.0593283363 0.0843917206 -0.197269619 0.230523422 -0.0360088833 0.145850241 -0.222835511 0.188247919 -0.0941825211 -0.117347218 -0.0784987956 -0.111350767 -0.244397119 0.0634477884 -0.0164293367 -0.0340525396 0.0422480106 -0.111923791 0.105439886 -0.0937703848 -0.0260067508 -0.0369181372 0.0776234418 0.0395087413 -0.0760579184 0.113949388 -0.014197859 -0.0790227726 -0.155227721 0.0753745213 0.216086879 -0.00860115886 -0.08284688 0.115542874 -0.0380495265 0.0804645866 0.00985013973 -0.106572643 -0.0129536483 -0.204053059 -0.0507623926 -0.222200379 0.14472954
0.0908774808 0.120774359 0.0637676492 -0.0880818292 -0.0601881891 -0.0440418012 -0.135634035 -0.112003706 -0.0436631143 -0.0423420407 0.0562728904 -0.19755128 -0.161036864 -0.113700546 0.0619254597 -0.112065718 0.137966663 0.182554588 0.0243180171 -0.00262168795 -0.0696375445 0.00442559691 -0.144160762 -0.0281458553 0.132682398 -0.357140481 -0.0138401715 0.117634065 -0.0425352156 0.105242074 -0.114890985 0.245210484 0.0262617283 -0.0242619887 0.0438714735 0.256556481 0.137301087 0.118880101 -0.0942157656 -0.16290842 0.113506079 0.0783932209 0.0361511819 0.140120357 -0.0505093075 0.103358291 0.0436346456 0.209286436 0.111705467 0.170800596 -0.0623940788 -0.148228571 0.00588129554 0.0676019639 -0.12771529 -0.0877709165 -0.174239755 -0.0909042507 -0.0270616561 0.298288345 -0.00612848019 -0.158578381 -0.080830209 0.101798661
-0.161443606 -0.111811034 0.0823037028 -0.134713545 -0.0344639421 0.00720393099 0.22533375 0.0610487424 0.0342768617 -0.308620751 0.152047053 0.0290263928 0.0419956222 -0.0985758826 -0.149211243 -0.143658906 0.228119388 0.0403952636 0.1047979 -0.0182331409 0.0259197652 0.191524416 0.0763419196 0.111456059 -0.155709252 0.0197188146 -0.0584984459 -0.173135459 0.0471753739 -0.0259224232 0.0341559313 0.184184194 0.000192427469 -0.138551891 -0.12900427 0.0954904556 -0.00919923559 0.146964878 -0.075532496 -0.191812664 -0.103473492 -0.0679778606 -0.127773702 0.0837024376 -0.0298823938 0.00219981326 0.269339114 0.207890719 -0.258549124 0.0536539443 0.0789575279 0.00280024577 0.0570792146 -0.105586059 -0.169455215 0.0086154975 0.0885390043 -0.147320777 0.0743198693 0.180946901 -0.00576280477 -0.0762015283 0.0944880396 -0.152310297
-0.00710726017 0.102425873 -0.102321774 -0.112868771 -0.104146458 -0.106062703 -0.0735813603 -0.0367136635 0.241416022 -0.094777219 -0.0447330996 -0.0827494413 -0.174715266 0.097300224 0.226236895 -0.0463861786 0.0106273694 0.0547884591 0.139694497 -0.0588283986 0.133270904 0.0550763756 0.141228795 -0.0923915878 -0.128248706 0.0977599993 -0.103291102 -0.177796289 0.0646063611 -0.0578800477 0.00491080759 0.0170660913 0.0802139565 -0.0310017802 0.0589991324 0.0512329973 0.230749577 -0.00052721001 -0.276488125 -0.214038566 -0.0329721346 0.0407100692 0.159222946 0.0902387947 -0.134932727 0.0639458969 0.112624198 0.112585284 -0.106785655 -0.0486944541 0.290535003 0.0423210263 0.416448057 0.00162966608 0.107994594 -0.0936022401 -0.143118471 0.0320486613 0.00178130809 -0.0569665134 -0.0124479141 -0.114536449 -0.00729658129 -0.107901514
-0.150423571 0.0291360226 -0.0486931466 0.0783688128 0.105740435 0.17560719 -0.107592434 -0.154814824 0.00667376723 0.0555850081 0.00415103976 -0.00851406809 -0.0772039145 -0.163233101 0.0344462991 -0.00863461941 0.0256547965 0.111803085 -0.0950125679 0.106721699 -0.149355441 0.0171982367 0.247155085 -0.0195935015 -0.23199372 0.0490040742 -0.0626561344 -0.291676551 0.0727413297 0.0787935182 -0.179497242 -0.17809619 -0.0710931718 -0.176671892 -0.148169115 -0.230762288 -0.0911668092 0.0684523731 0.202884316 -0.0738897994 -0.180802196 0.0642781854 0.0656186566 0.0588472635 -0.0993618518 0.0613658652 0.0439737774 -0.177119032 -0.0867813081 -0.0609742478 0.104696982 0.173644796 -0.0652568042 0.16590324 -0.0592734516 0.0503921956 -0.0433995835 -0.136960953 -0.16246666 0.0288956761 0.243225306 0.0554431304 0.179910436 -0.14055185
0.0258950815 0.0251301117 -0.106782675 0.0397669338 -0.166755453 -0.107913315 -0.0492860675 -0.23194313 0.00610553008 -0.0280935355 -0.173393533 0.067189388 -0.159891278 0.129365027 0.153972 0.0821108297 -0.0899073109 -0.16564019 -0.178993583 0.0263741352 0.0145297451 0.122700088 -0.14230825 -0.123069026 -0.00911871716 -0.214997187 -0.197128013 0.122687094 0.0366015919 0.0425400063 0.00351149612 -0.180759892 -0.128384113 0.309086531 -0.107281484 -0.0278859306 0.102069169 0.023615174 -0.121920265 -0.25331372 0.0116039915 -0.129690036 -0.0478504971 0.0655802861 -0.113484025 0.106229924 -0.0127189141 -0.216039553 -0.141245887 -0.0317413695 0.114373915 0.0910008475 0.121571049 -0.166839808 -0.05741027 -0.203808114 0.119779184 0.00647661323 -0.0818666071 0.0635349229 0.177420184 -0.0390333645 0.169640228 -0.037070483
-0.298257887 0.136078194 0.0457658395 0.02125738 0.31349498 -0.0261916183 -0.0537384562 -0.112680249 -0.122223049 0.053048335 -0.0265278164 -0.105782539 -0.136615351 -0.131889045 0.0957126543 0.185768113 0.204967424 0.0567392744 -0.14731738 0.0238666404 0.102598093 -0.00864016637 0.0465993732 0.0692852139 0.0869691148 -0.125076413 0.107782908 0.00131098053 -0.0113972928 -0.20553048 0.146323398 0.0786726475 0.190517977 -0.150263399 0.0583157316 0.237796396 -0.135655642 -0.060143359 -0.0323439464 0.0505527593 0.336162955 0.0539930873 0.0687378272 -0.0107583776 -0.00461433036 0.155943975 -0.094682619 0.0188181009 -0.00867765676 -0.166936129 0.0499554016 0.0534190871 -0.159639299 -0.0559501909 -0.00816690922 -0.168282956 -0.100813136 0.121211156 0.0190102328 0.218432069 -0.0553768836 -0.00642278418 -0.00847951695 -0.104452252
-0.0858954862 -0.0633603111 -0.352470398 0.124764375 0.225432247 0.112734631 -0.0751056075 -0.125063583 -0.114821292 -0.205447495 0.101365626 0.252811134 0.219146714 -0.0132645229 0.0845757723 0.0565482378 0.0579669736 -0.0850997567 0.171601877 -0.154497996 -0.0974178612 -0.101948559 0.102960087 -0.00128850131 0.0594107881 0.0454062335 -0.0263263993 -0.125852913 -0.0451603234 0.0420456417 -0.248813465 0.0942993462 0.23620072 -0.121224031 0.0795632452 -0.00395386433 0.0803710893 0.00223472039 0.204773083 -0.0114097036 0.0519550145 0.127018899 -0.140151277 0.164090782 -0.0188054889 0.256258398 0.0641938224 -0.0596971326 0.0267732237 -0.131902546 0.111866504 -0.094435744 -0.00363408425 0.0366320163 0.167451248 -0.127150178 0.0796401426 0.0105788969 0.0314614363 -0.104073703 -0.0459962226 -0.00348404795 0.110241279 0.0509241261
-0.0442639925 0.114685774 -0.058065556 0.179462612 0.0978901014 0.0245018844 -0.0696891099 -0.135901049 0.215665311 0.301931947 -0.0417862684 -0.0934811607 0.175154597 -0.229140058 0.0262147188 -0.213016003 -0.218467876 -0.0787201822 0.0441566892 0.0512805171 -0.0238244273 0.051689662 0.0944931433 0.0699739605 0.157447517 -0.164252967 0.0310712233 0.107210279 -0.171666607 0.00178037491 -0.14075917 0.0612699725 -0.00132507051 -0.106148481 -0.197121769 0.0433902144 0.145776868 0.19068487 0.173005372 -0.0152218761 0.149140596 -0.13802059 0.0199481193 0.0708928034 0.079159826 0.0700553209 0.238518059 0.0640849993 0.0421539694 -0.0451082513 0.156017721 0.141664371 0.100363024 -0.144180611 -0.149491593 -0.106016912 0.0605811253 -0.00677831983 -0.033130955 -0.178062528 0.00280160992 0.0737717971 -0.00437911972 0.179517165
0.0249149539 0.0209019165 -0.159668669 -0.125008538 0.0242377836 0.0986316502 -0.0609505735 -0.172793865 -0.0811574534 0.0766996592 -0.207099989 0.0134656997 -0.153543472 -0.173577681 -0.0671131685 -0.0164519865 -0.0333635136 0.0899351835 0.249424472 0.0470165238 -0.00628936244 0.177175999 -0.00515207369 -0.178627536 0.0406166986 -0.194715768 -0.0194099136 -0.111678854 0.00979062729 -0.242593497 -0.135825768 -0.0565308928 0.0621756725 0.00248684478 -0.00704519777 0.249069959 -0.423160166 -0.239309669 -0.132591769 0.110763907 -0.00733068027 0.11340604 0.0124172131 0.0827671066 0.136059433 -0.0523844846 -0.154006496 0.15688321 -0.118864931 0.0587904677 0.0503978208 0.150612637 0.00150248152 -0.155060172 0.00142664579 -0.0430650376 0.0907125026 0.00850259047 -0.0348011255 -0.0960095003 0.0213834289 -0.11987181 -0.0392149761 -0.0668217242
0.123469196 -0.030098021 -0.238090232 0.041709926 -0.0665632412 0.118451826 -0.113787986 -0.0176410899 0.0560895056 -0.00526261516 0.0887252614 -0.0177697707 0.111926347 -0.10251689 -0.0170487985 0.109778568 0.0450008586 -0.107372224 -0.0184689462 0.0101994798 0.180347756 0.270007312 -0.0796118975 -0.190515086 -0.116297983 -0.0863274187 -0.149871245 -0.131977901 -0.0367499553 0.0760091245 -0.147205025 0.0273045208 -0.130723014 0.0817073807 -0.227612659 -0.226548538 -0.0544157401 -0.116483785 -0.17356208 -0.166956693 -0.00483989995 -0.0722512975 -0.0212621763 0.225730628 0.0128553351 -0.184617817 -0.173932314 0.0285731237 0.171947718 -0.0246465392 -0.00854489114 0.162188023 0.229292154 -0.154695228 0.139444217 -0.262304187 0.0720591545 0.17896165 0.056223888 -0.0738129243 0.0236953925 -0.0498220883 0.0137610016 0.0271947756
0.168927714 0.049199488 -0.0819173753 0.0308089815 -0.000962144055 -0.173808441 -0.130154625 0.113120675 -0.0824452266 0.110894844 -0.349314302 -0.142371923 -0.092554681 0.000200301802 -0.162945956 0.0909122303 0.0577906854 -0.0583716892 0.126036331 0.249931693 0.00416017463 0.208254948 -0.0320545249 0.0233006459 0.0114011522 -0.126004085 0.0404784307 0.00136743311 0.246107474 0.110849142 0.0927553624 0.0540557764 0.0751821697 0.190932795 -0.0713897496 0.273079067 0.142762125 -0.131819382 0.0584329367 0.053574983 0.053388454 -0.276401997 0.103751369 0.0215093661 -0.0377424657 -0.00769049162 0.0994092822 0.0426312909 -0.023656467 -0.0295632314 -0.238375425 -0.132664487 -0.0150476862 0.00625480292 -0.0915270671 -0.0282822177 -0.0445506684 0.0325963087 0.189741552 0.197891012 -0.153282568 -0.0479490161 -0.0752634183 0.0117383031
-0.0708609 0.153157219 -0.00921112858 0.299693346 -0.100886375 -0.19571051 0.0218768511 0.160526589 -0.131158024 0.0402586684 -0.0705934539 0.271935493 -0.0472979844 0.140600488 -0.0934177041 -0.0142074488 0.139564991 0.054687079 -0.10381344 -0.0235773157 0.1014686 0.176774427 -0.0761514083 -0.10748776 -0.125371993 -0.14725928 -0.00326802861 -0.20609957 0.0290537477 -0.119347438 0.0809972361 -0.237177551 0.123964779 0.122363143 -0.00464357343 0.245778143 0.0603048652 0.0224475432 0.142720416 -0.045708809 0.0674422011 0.00216265558 0.106832176 -0.0612021685 0.0772293508 -0.138528466 -0.177211732 0.166052625 -0.107664287 -0.0549872369 -0.17852284 -0.116831489 -0.0487772897 0.182585716 -0.203268304 -0.114743918 -0.0235978756 -0.0508445539 -0.0119561292 -0.0849448815 0.158712253 -0.116135173 0.0678653121 0.0487771779
0.0409778021 -0.00985409971 -0.00425145216 -0.121517763 -0.104761533 0.000124236467 -0.115356132 -0.214678779 -0.0221492928 0.0775076449 0.172847375 0.088841483 0.0285467077 0.243234545 0.108384028 0.0194931589 -0.108592615 0.30679822 0.258780479 -0.182207659 -0.0936294124 -0.00341280713 0.160287976 0.0779839158 -0.20334743 0.203465715 0.131408364 -0.00231879787 0.131543413 0.20195353 0.0353304781 -0.131996214 -0.0523760319 0.0482801981 -0.0256030541 0.145768121 -0.07648395 0.00525642419 -0.0623835847 -0.173622996 -0.155679151 0.0923190191 -0.117646694 -0.141154364 -0.0156836174 -0.176921681 0.155542806 -0.125005722 0.203599542 -0.0975722894 -0.212358266 0.0296852496 -0.124242477 -0.0844434053 -0.0262652598 0.0739264488 0.0373221822 -0.0583750457 0.152072906 0.0160762537 0.000160538926 0.0487232618 -0.0931594744 0.0598826185
0.094201237 0.139915466 -0.125916794 0.028349096 -0.138012141 0.0741451085 -0.0973873585 0.154437289 -0.0438269153 0.0530624986 -0.119661763 -0.1338211 0.073622562 -0.450719804 -0.0104463734 -0.143859148 -0.113656893 -0.0516554415 -0.180549428 0.0924910679 -0.249401182 -0.0819498673 -0.183826894 0.159670517 -0.066441305 0.0462564789 -0.136926323 0.129643753 -0.0268707536 0.130409643 -0.0370004699 0.122446202 0.0113844303 -0.0168106109 0.164153174 -0.0380548015 -0.0293527823 0.125864595 -0.00652441755 0.111293994 -0.198914528 0.0259638838 -0.0584094003 0.203491092 0.0131296236 0.240109921 0.0573287942 -0.00846148748 0.190776259 -0.0110648684 0.0434207432 -0.0413954072 0.120029509 -0.0324446522 -0.0854611471 -0.0252352227 -0.119244404 -0.136148527 -0.130381748 -0.0139618013 0.191027254 -0.111198463 -0.0323941037 -0.0444282591
0.0239815693 0.0817465633 0.273531646 0.100010678 -0.109374478 -0.0460618623 -0.104070321 0.0701325759 -0.124106772 0.0610090494 -0.0841181874 -0.165462554 -0.000295253005 0.156768635 -0.0775729492 0.125778496 0.0681496337 -0.0457448997 0.0895120129 0.00333044329 0.197360665 -0.235221103 -0.127378359 -0.0114803854 -0.233374909 -0.0838081166 -0.150690213 -0.0162601005 0.0818016753 -0.0808818862 0.233290255 0.162115782 0.25172773 -0.0758879781 -0.170916378 0.0962586999 -0.0489555411 0.213008821 0.0327580385 -0.0393241793 0.0318128392 -0.114999793 0.00637504086 0.219011739 -0.243052721 -0.0635647252 -0.130343169 0.0186660532 -0.12229421 -0.0785629228 -0.0260285065 0.0393028408 0.0578969866 0.096732989 -0.104987502 -0.0263829548 0.116165385 0.024637077 0.210997686 -0.0500657484 -0.244870052 0.0374008678 0.034123715 -0.0466666073
0.352046579 -0.0792793632 -0.0727509409 0.1399699 -0.0620953925 -0.0752696469 -0.0167953353 -0.0781838447 -0.00129538856 0.0916659832 -0.212535977 -0.00122941053 -0.086310789 -0.211288095 -0.0378916487 0.266376704 0.0269491542 -0.0595669597 0.0763189644 -0.0363949947 0.033501409 0.0981601477 -0.07207717 0.0462306738 -0.170659453 0.0679015592 0.272863954 -0.0948653817 0.167648718 0.0618494153 -0.193240061 0.140135884 -0.00624343753 0.0678965524 -0.152972803 -0.0589355789 -0.1085499 0.0317919143 0.211962715 -0.108571492 0.106943563 0.0990808904 -0.0111548165 -0.0931034982 0.00714647491 -0.115654342 -0.115566544 -0.142811731 0.136969924 0.0203697365 0.0892658234 0.020812884 -0.102830671 -0.0549287349 -0.0519926138 0.0166640449 0.121580765 -0.217892051 -0.0652615428 0.163776726 -0.24778612 -0.0790199265 -0.145079255 -0.104229018
-0.254685283 -0.00937025808 -0.0237968229 0.0668382645 -0.190357849 0.0112224175 -0.0855896696 -0.054112941 -0.183346316 -0.247211635 -0.0360570922 -0.0775465146 0.0755998939 -0.0828198567 -0.137998819 0.082464844 -0.0035287363 -0.206694186 -0.0353872962 0.184912235 0.210631654 -0.0911853164 -0.0451372974 -0.143232256 0.0676864758 -0.220405176 0.10605593 -0.162246615 0.0668061897 0.102909841 -0.0243911278 -0.0442596041 -0.0785699412 -0.107293926 -0.0268896725 0.0526997522 -0.164366543 -0.19361946 0.0781934559 -0.0346592888 0.252421349 -0.0243717097 -0.0484995618 0.220563993 0.0500862636 0.116845042 -0.0220696554 0.0740410388 0.347225457 -0.0712131932 0.0918855369 -0.0530355275 -0.224710435 0.0697049052 -0.152190834 0.103772081 -0.00380787044 -0.0337995775 0.0403062031 -0.0318400785 -0.0902613699 0.00720639015 -0.111078434 -0.0150698023
-0.0748157874 0.153709903 0.0315883197 0.188273132 0.104017168 0.412756056 -0.301835835 -0.117408216 0.17665042 0.0298451353 0.130360246 -0.0164285786 0.0274473075 0.0589916185 0.0695359856 -0.182650983 0.00507400371 -0.0305930804 -0.0308060665 -0.0658802614 -0.211412296 -0.0130938515 -0.0344848894 -0.00887705479 -0.0076325601 0.0190557037 0.154763773 -0.100279935 0.150111422 -0.191306159 -0.0352716781 0.0415324159 -0.04375403 -0.216294289 -0.036170613 0.144554287 -0.170210525 -0.00358741614 0.0979348421 -0.0539142489 -0.0425625406 -0.0755382329 -0.0814085603 0.00844862964 -0.0312326998 -0.0913502425 0.207754284 -0.0530576706 0.114432387 0.192614004 -0.031812299 0.111200221 -0.0607834794 -0.0979795679 -0.189202473 0.0143106729 -0.108405203 -0.23417367 -0.129802197 -0.112184599 0.0902224779 -0.0851709694 -0.0304999184 0.0208462887
-0.0902206823 0.0165154953 0.112946503 0.0400851071 0.0445074886 -0.0788180977 -0.011335738 -0.0346174277 -0.0716623291 -0.117380075 -0.0654557571 -0.0217747036 0.0617613494 0.124614283 0.140627459 -0.0224927496 0.174794808 0.0643608272 -0.152543321 -0.106313437 0.0953251719 0.00727252755 -0.107212223 -0.17260693 0.075624764 0.173074156 -0.182839647 -0.201928228 -0.0205386132 -0.258499056 -0.23245272 0.0185659807 -0.257376552 0.0202547554 -0.0241657533 0.0540982857 -0.0738497451 0.238097608 0.13625668 0.0675441772 0.0102436729 0.115768388 -0.208086401 -0.0896137208 -0.138657719 0.0242723189 0.169144839 -0.114657789 -0.121519431 0.242659092 0.118372761 -0.123679489 -0.0124792177 -0.0163087435 0.0909275562 0.130500078 0.0736118108 0.0223034937 0.243347868 0.0211376082 -0.0905431062 0.0286095031 0.184786275 0.184233323
-0.284722984 0.186514676 0.0560410805 0.0662366226 -0.0133492397 -0.153617769 -0.0104479222 -0.15579395 0.15443553 0.0770223066 0.0194578655 0.0563455522 0.0511968136 -0.0816671327 0.11156296 0.0175192989 0.00583555223 0.0558084771 0.0835288614 0.351342082 -0.0649942085 -0.0434586667 0.19232969 0.0262763556 -0.143644288 0.33050248 -0.0658638403 -0.0351146311 -0.0132510047 -0.034530919 -0.0415212102 -0.0875450969 -0.0443890765 0.130937308 0.000351377385 -0.263854384 0.130749121 0.148131385 -0.0713961199 0.0941950455 -0.0191725437 -0.0801981464 0.0421597511 -0.0807129815 -0.0401307419 -0.0500866808 0.0503477342 -0.018809963 0.154828325 0.315624148 0.0428092219 0.0531164147 -0.0907786191 -0.160392597 0.0360495374 -0.0049002287 -0.129856944 0.105767854 -0.154724613 -0.00222634734 -0.0887671486 0.108070679 -0.224838957 0.00660404563
0.00889324024 0.0378218517 -0.146038279 0.0407557078 0.136628374 -0.0160982925 -0.0141806742 0.12398497 -0.0707201809 0.0656385794 -0.165166929 0.27657786 -0.090601705 0.017363647 0.0108858785 0.0504094213 -0.00627979217 -0.0991001427 -0.0535354093 0.00170346058 -0.023064604 -0.0956010371 -0.116675526 -0.159240767 0.0438239872 -0.134548083 -0.170150042 -0.231940374 0.0429038703 -0.152554557 0.0825400203 -0.179800898 -0.088433601 -0.0344394781 0.0211346205 0.0737218037 -0.044598788 0.0766017064 -0.1246401 -0.0928253308 -0.00233440357 0.0527161732 -0.0551799312 0.0456222594 0.102275014 0.159352079 -0.0508909747 -0.0160671584 -0.0569575951 -0.231124297 0.045936808 -0.142680094 0.0292334333 0.254187912 0.0311717428 -0.132643506 0.141677886 -0.386690974 -0.106903434 0.00958046596 -0.188270181 -0.163086742 0.276233941 0.110489815
-0.0313729681 0.150854468 0.183985427 0.111027256 -0.142816529 0.020413287 -0.116064295 0.217781857 -0.0154577261 0.00809018128 0.112122335 0.00322197797 -0.0185966436 -0.159301862 0.0510634296 -0.0714331567 0.045122087 0.0543195941 0.26363945 -0.0980806351 -0.0465438887 0.00450864481 -0.0594691746 0.10832154 -0.102904864 0.138220131 0.0508556068 -0.154402465 0.116900161 0.309165657 -0.0428952053 0.126483262 -0.154081777 0.104074359 -0.0970357433 0.00125841401 0.0930330306 0.102207728 0.0424888507 0.299438894 0.218605891 -0.0607883036 0.0228158776 -0.244606167 -0.12544243 0.105800621 0.0736802146 0.0104893362 0.0900210366 0.226601958 0.0427417159 0.0834720805 -0.0450592414 -0.15172489 -0.0599608533 -0.0382701755 0.197592914 -0.11077477 0.0854632705 0.00887074694 0.137607262 -0.109804086 -0.140605792 -0.102906018
0.0288650077 0.0429720245 -0.0278136656 0.0450591519 -0.0558701307 -0.0942133665 0.124562599 -0.0302273575 0.10694059 0.131486461 0.126982346 0.116032727 0.0338567644 -0.197569534 0.0850457251 0.00833714847 0.129833192 -0.0194885004 -0.0906558856 0.130901948 0.170735106 0.0881980807 0.204660296 0.386576742 -0.0775497183 0.119069681 -0.131811976 0.0227595493 -0.0925094858 0.000951885479 0.0710591748 0.128797486 0.0378863364 0.00300571416 0.00756080961 -0.179898068 -0.00814788323 -0.133077964 -0.099295564 0.0543331802 0.0212555956 -0.208715484 0.154157013 0.13364397 -0.181178048 0.131137103 0.10063637 0.0941222608 -0.0473192334 0.05822175 -0.119167596 -0.291819125 0.142149895 -0.164305001 0.0293600168 -0.15684478 0.0406713933 0.258052409 0.106020875 -0.0483635925 0.139073163 -0.094598107 -0.041548539 -0.11211805
-0.335970968 0.0864379406 -0.0251398478 0.095992893 -0.0827491879 -0.00496166525 -0.150699511 0.27899763 -0.128361478 0.194180191 0.0564407296 0.0559746437 0.0973377079 -0.189255342 -0.0045731659 0.0409560949 0.0255358499 0.0840098336 -0.0405928642 -0.049640473 -0.0642101765 -0.226549044 0.0524186417 -0.107606776 0.0416082405 -0.178957209 0.0225606505 -0.0343858637 -0.0598773472 -0.277428389 -0.111314893 -0.0177000165 -0.162608117 0.143752128 0.0024342495 0.125119612 -0.0950541571 0.00753835123 -0.0716907009 0.010218272 -0.0313569009 0.0296178218 0.0635113195 -0.0315221772 -0.343911797 -0.0729610622 -0.042772878 0.00521538034 0.103034884 0.0532150939 0.0759127513 -0.129114628 0.119036175 0.359488308 -0.046283368 -0.0138708316 -0.00407987554 0.0242581628 -0.038400121 -0.145783693 0.0339954197 -0.154253125 0.0532503389 0.0490862802
-0.0295202453 -0.0524136759 -0.108909875 -0.00505830068 0.114281334 -0.117576599 0.0829358175 0.0470511168 -0.0561024137 0.00450900896 -0.144031063 0.0167875178 0.170632333 -0.0497241654 0.178750217 0.11893592 0.0254462268 -0.113999709 -0.0690496266 0.0910468698 -0.16306597 -0.101507246 -0.0195764024 -0.215678439 0.00468675746 0.0370625742 0.0386190265 0.260143429 -0.203292057 0.15151751 0.285117924 0.00790225528 -0.0118471682 0.169828728 -0.102291226 -0.0576949008 0.134840891 -0.192572817 -0.130729422 -0.0542755313 -0.0786614493 0.236093163 0.219130769 0.348822683 0.0103696566 -0.0217921641 -0.0739278942 0.0129122138 -0.241710842 -0.136040017 0.0457942933 0.0246855039 0.078603439 0.0751693845 -0.0172904842 -0.00905117486 0.106643714 0.0842887759 0.12667045 -0.0910326466 -0.0406504795 0.116957717 -0.0876577646 0.0797115639
0.132808134 -0.352049947 0.0284953769 0.0138993328 -0.117860854 -0.148811132 0.0455873087 0.0861155912 -0.0637566447 -0.0186837353 -0.171749339 -0.0258127265 0.321438253 -0.0406486839 0.0916985124 -0.049100209 -0.0989467576 -0.0101780873 0.133026227 -0.198509321 -0.0106474208 -0.0046664211 0.222289979 -0.125641599 0.00446322234 -0.255059451 0.135215774 0.14469187 -0.0756503195 -0.15546754 -0.0505812317 0.0899734646 -0.156339094 -0.0977102891 -0.136471212 0.090677388 -0.238960698 -0.122625895 0.18477577 0.228036344 -0.103646226 -0.0339410491 0.031944897 0.0472570248 -0.13246429 0.102450989 0.101182297 -0.0497071445 0.120857485 -0.0747069418 0.00990358274 0.0305866748 0.157465145 0.0751380324 -0.0911645964 0.092130743 -0.0836942121 0.0703263357 -0.0197144002 -0.0231337287 0.134230047 -0.077028811 0.062357232 -0.0122954976
0.21412611 0.0228590351 -0.000248817843 0.0580642298 0.102309622 0.220789701 -0.0386737324 0.0244501345 -0.0319656506 -0.00168006937 -0.172957525 0.184714481 0.0479858108 0.146957025 0.038670674 -0.115332611 -0.189014912 -0.0486185662 0.177262768 -0.229974538 -0.00284095644 -0.095867306 -0.0537461974 -0.0480842441 0.00425165007 -0.129977182 -0.260926127 0.146262869 -0.101488583 -0.0436508358 -0.140698686 -0.168828607 -0.088505961 0.0231774151 -0.104239836 -0.0637172535 -0.131661281 -0.0769368932 -0.200475872 -0.199974895 0.0857601017 -0.101304777 0.175411224 -0.0504075214 -0.174696803 -0.0255683437 -0.146441087 0.0124880522 0.0993742123 0.179802611 0.0457006507 -0.143999472 0.220608667 0.0752429739 0.0697110072 -0.147191927 -0.0689198151 0.133845359 0.194115922 0.133700266 0.108762719 0.0583380945 -0.106109582 -0.0217269603
0.0396173708 0.0187708978 -0.133617312 0.0601069517 0.032036636 0.153354257 0.121021621 0.140631497 0.0358522199 0.121004641 0.0220040977 0.0847424269 -0.0366221666 -0.132378429 -0.0368425846 0.321478486 -0.163173914 -0.065455474 0.0370184071 0.112276703 0.101924509 0.064455308 -0.000645492459 0.104075857 0.16463843 -0.218730569 0.0925712734 0.0992718935 0.163734034 -0.223546863 0.0305099711 -0.398529679 -0.0379026309 0.178161815 -0.115794979 0.107713141 -0.0925871432 0.0333587043 0.0709371194 0.0206198543 0.166699693 0.0395860001 -0.0159248859 0.00249180128 0.00342667825 -0.0761615485 0.291561872 -0.131687805 0.0764032677 0.0538687855 0.0115308911 0.142241776 0.0181411542 -0.193386048 0.0294656847 -0.160078973 0.0755956694 -0.0224135499 0.000143775615 0.134387538 -0.0560197011 -0.0207266752 0.15051733 0.123980455
-0.0406266935 -0.0215953272 -0.120501637 -0.220077649 -0.0873761177 0.120825537 0.0272060614 -0.27693814 -0.00122273678 -0.0386046842 -0.00602201931 -0.117452629 -0.151486844 -0.108302049 -0.112375252 -0.117759578 -0.054143548 0.0922842249 -0.0802254155 -0.0688723996 0.198271751 -0.0596500896 0.0494559407 0.00650899811 -0.179435089 -0.063558653 -0.21765247 -0.158438846 -0.148083866 0.111522533 -0.0190566704 -0.163126871 -0.166136876 -0.212456241 0.00579237938 -0.125003472 0.309342802 0.00858444627 0.0254451931 -0.0669781491 0.157463714 -0.107435815 -0.0526048988 0.161483973 0.0520659126 -0.068016246 -0.131081104 0.0428865701 0.0593388453 -0.000463446486 -0.0715049133 -0.00930090807 0.149755314 -0.107371822 0.0753183141 0.0930012539 0.270709127 -0.251467764 0.0964545906 0.145919532 -0.0588059127 -0.0589771345 -0.0901628435 -0.0266100671
0.0114283804 -0.0477946736 -0.332312763 0.0740522072 0.025376061 0.0919235498 0.110860139 0.0569706 -0.140537515 0.167289481 -0.0829514638 -0.0228541922 0.120903641 0.146749884 0.0996707752 -0.179631203 -0.0385747217 0.0385965109 0.225862578 0.0338801704 0.055043906 -0.0699413717 -0.174766511 0.100639969 0.0029783973 -0.0949947909 -0.115689531 0.0822596475 -0.284501731 -0.0779335275 0.0102429129 0.139246404 0.187902257 -0.184580505 0.0209976137 -0.0356785841 0.002651972 -0.111399882 0.0110634882 -0.091571115 -0.0412837118 0.19055064 0.0464860909 -0.0103596635 0.0171404965 0.14643985 -0.124423765 -0.0811375752 0.0666706041 -0.0619877242 -0.216909409 -0.018861087 -0.0401694998 0.148011148 -0.067601651 0.0607771464 0.0399895385 -0.358161569 -0.132196784 -0.0760512277 0.207827926 -0.14623262 -0.028672941 0.0447647348
0.0843269154 -0.118962713 -0.195990458 0.149475396 -0.0426575914 0.0814610273 0.313786209 0.000983988401 -0.109676309 0.208131745 -0.00615650835 0.0123359002 0.0696423724 -0.0437956825 0.104358874 -0.0990544856 -0.0406046957 0.0588766411 0.036946781 0.0627378449 0.0307034552 -0.0764758512 -0.177459553 0.0715174899 -0.0414909534 -0.176864564 -0.024236476 -0.0236062314 -0.0565251298 0.10149955 0.0528646335 -0.0270820931 0.18396391 0.136632726 -0.281898379 -0.0173558593 0.0709059387 -0.0380042084 -0.0706292689 0.0509194694 -0.150226444 -0.00579281105 -0.0792771578 0.0485594682 -0.319986612 -0.245659217 0.0292041674 -0.0368445404 -0.0999452621 -0.115220428 0.234478503 -0.0198587067 -0.108687848 0.101308174 -0.202011541 -0.108775571 -0.24694781 -0.163536906 0.056913849 -0.0303187277 0.0283818636 0.150954917 -0.0214984175 0.106035009
0.0908253789 -0.0326217972 0.00154741958 -0.0804234147 -0.086853914 -0.168872908 0.0710403621 -0.0704779699 0.00931800064 -0.0187641531 0.27952081 -0.0187545847 -0.136311367 0.208542049 -0.113473259 0.0305328257 -0.00244698324 -0.0699098334 0.0618643537 -0.02962837 -0.0694287717 -0.0372326002 0.0601074584 0.0249710735 0.105555065 0.030053325 0.170519829 -0.0756956637 0.15545626 -0.128570408 -0.232970431 -0.0924938247 0.114801794 -0.0705919117 -0.0900301412 0.00489403959 -0.11692258 -0.0424524508 -0.0540950298 0.128193706 -0.0564538464 0.203123227 0.0161700975 0.0057486468 -0.0715377629 -0.0530224442 0.0283173993 -0.119754821 0.0419479199 0.0706856549 -0.0646403432 0.27882421 0.114980265 -0.0788366571 -0.231981605 0.178056896 0.037997894 0.112696305 -0.0605956912 0.0976178572 -0.258796364 -0.379144192 -0.215925664 0.0751849934
0.248615265 0.128632247 -0.0128565887 0.0196694508 0.159552842 0.017980611 0.175615311 0.00512980064 -0.0560528599 -0.0525736921 -0.104901403 -0.215091631 0.00297924574 0.101354972 0.0209157132 0.0768866092 0.0064989212 0.125339165 0.138775676 0.224491045 -0.0979003236 -0.176469058 0.134859294 -0.115369126 -0.0535643846 -0.22425282 0.169119686 -0.0340901129 0.0321261138 -0.195584893 0.00180639583 -0.0420789495 0.0950922742 -0.0649248138 -0.0759102851 -0.148793727 -0.0868033245 -0.0775824115 -0.0493256561 0.110394321 0.0210535713 -0.0502849631 -0.0738629401 -0.017253384 -0.0829760209 0.0208903253 -0.24733749 0.148017272 -0.103065118 -0.211657137 -0.0747723803 -0.0575628802 -0.0893038288 -0.0346569568 0.0558759756 -0.281623721 0.0198174901 -0.151165649 -0.035853032 -0.203123003 0.314873427 -0.0149744358 -0.0873286203 0.0764377266
-0.039272584 -0.1624652 -0.115671098 0.0831649676 0.166944429 0.0118529918 -0.0822353661 -0.0913841873 0.0203237068 0.159496665 0.090717122 0.12790823 -0.196181804 -0.202376395 -0.0587061644 -0.0787578821 0.177958488 -0.082840234 0.0184000377 0.0590458661 0.0872537196 0.0370879956 0.0384484977 -0.126387894 0.0791500583 0.298649848 -0.209096089 0.190626621 -0.0649678037 0.22273539 -0.0064379666 -0.183745533 0.123566113 -0.27536729 0.00557269901 -0.0966363177 -0.0215866342 -0.127351642 -0.0807510838 -0.0364549235 -0.013657257 0.000826742616 0.0519784614 -0.0072652963 0.0955200121 -0.149958596 -0.174454719 0.0451129973 0.153855771 -0.217603013 0.0934428647 0.0151103586 0.0213405043 0.0894746482 0.105504312 0.0048843124 0.106173038 -0.163527325 -0.0134587055 -0.150300995 0.159116641 -0.0243667737 0.158012226 0.184040666
0.161995664 -0.00603270298 0.315539956 -0.0592221022 0.074361518 -0.0148089668 -0.0698845908 0.0938391834 -0.0968338177 -0.25234592 0.077461496 0.266408831 0.039749749 -0.162498668 0.029448716 0.105752587 -0.107107453 0.157725111 -0.0374006703 0.0679039285 0.129468411 0.170958146 -0.045603916 -0.139067397 -0.012105315 -0.0748373196 -0.143808603 0.304269373 0.047275383 0.0262854751 0.0994630158 -0.059799049 -0.0337875448 -0.114041887 0.18187353 -0.197820723 -0.0423255414 -0.0502207577 -0.15874292 -0.0499714129 0.311745912 -0.0611678325 0.0119525883 -0.00783755817 -0.0410479717 -0.00149385922 0.0864466354 -0.185476661 0.087652564 -0.190624014 0.032396365 -0.0809962451 -0.00379148009 -0.0291252472 0.0105677256 -0.091781117 0.069985047 -0.145394042 0.0309521016 -0.01327061 -0.0489259847 0.0228060931 -0.238819838 -0.0690215752
0.0545593165 0.118402377 -0.044709716 -0.110004202 -0.127794459 0.127615884 -0.0942516103 -0.168614998 0.00733535038 -0.112089962 -0.219875172 -0.0449552983 -0.0822090656 0.088813588 0.118040621 0.0231855717 0.128054127 -0.085987784 -0.018199509 -0.0331298895 -0.224814996 -0.0137092574 0.0888081491 0.199532241 0.108203448 0.0077635278 -0.152098864 -0.105941407 -0.0870557129 -0.044184953 0.124608248 -0.115574844 -0.14179647 0.142342895 0.0425617434 0.082742244 0.113346897 -0.321854621 0.216330275 0.023786664 -0.0273490418 0.173861191 -0.160220981 -0.101376139 0.153764948 0.0590900779 -0.314102709 -0.0428501442 0.0402415432 0.117949083 0.0258582607 0.0439031348 -0.163251579 -0.118324868 -0.0428357199 -0.058143653 0.0473323837 0.196763426 -0.12156789 0.0183501355 0.00432580058 0.156424835 -0.212227955 -0.0412428752
-0.0821167305 0.0655022338 0.293611169 -0.141337261 0.0755540058 -0.118780129 -0.0343684517 -0.0575724505 0.0542172529 0.160770535 -0.153322041 -0.0987444595 -0.0647171959 0.103208892 0.0160507616 -0.0583904348 -0.0353586413 0.0853831619 0.00197514007 -0.259058982 -0.0731272623 -0.0076765297 0.0170028117 0.0542405061 0.1161355 -0.0795210302 -0.0179314297 0.0644300804 -0.31370759 -0.0104715079 -0.116533428 0.0384782888 -0.0605663098 -0.0158388093 0.0737525225 -0.0972958654 0.0146055659 0.0291952342 0.103500634 0.0285242703 0.180342764 -0.0257290863 -0.0308692232 0.0578772239 0.142205402 0.0109452177 0.117247768 0.169441417 -0.0626882836 0.0889987424 0.0310169812 -0.16105108 0.279192269 0.314495981 0.06412673 -0.0722099468 -0.0287434254 0.066263251 -0.223371968 0.102190427 0.156552345 0.304803014 0.0949562788 -0.0844675377
0.0254241712 0.237236291 0.0402456298 0.0398219973 0.0643276647 -0.0486896858 0.0769908428 0.0356962793 -0.233670935 0.0443326607 0.0997626483 -0.0668072402 0.0651373863 -0.0454541706 -0.077464588 -0.0016031845 -0.0472996533 -0.00764717162 -0.177470624 -0.128731146 -0.0260152444 -0.0974117965 0.154651701 -0.18818152 -0.183654815 -0.10795904 -0.0901433453 0.0205264855 -0.101186633 -0.0917770788 0.0210740026 -0.104747124 -0.0848457068 -0.022892544 0.161579013 0.0450452194 -0.0693471059 -0.0137083111 -0.0473735258 -0.202742353 -0.0343155265 -0.0797555968 0.0655478761 -0.147252262 -0.133384198 -0.0874899551 -0.177571431 0.220051825 -0.10481374 -0.261937201 0.144336209 0.0621934235 -0.167669967 -0.39384371 -0.142017886 0.0304589141 -0.0730954632 0.192784876 -0.175607622 0.0077012619 -0.174007535 0.0145186353 -0.0358572192 -0.0454636924
-0.030814955 0.0610012822 0.0540384091 -0.1066266 0.0990736932 0.149493694 -0.130449101 -0.0626322031 -0.158310071 0.00532037206 -0.0749795213 0.0407689847 -0.140189826 -0.144311428 -0.0455008335 -0.0962203592 0.0623637326 0.256420344 0.239072964 -0.0551258288 -0.00904137921 -0.116875075 0.134522349 0.207947016 -0.0711662024 0.075389795 -0.0193243343 -0.13027674 -0.208144188 -0.0984502658 -0.250655562 -0.0387064107 -0.146620125 -0.0483605862 0.330342799 0.0455972403 0.0309426934 0.10293334 0.0172269903 -0.138627157 0.0292949677 0.033155553 -0.0882449299 -0.127549812 -0.0999816135 -0.222951502 0.234325171 -0.106692292 -0.044355005 -0.0890851244 -0.00734180771 0.00171214005 -0.0104608722 0.0871185511 -0.17077224 0.124670327 -0.0242131203 0.221843615 0.0103536444 0.00282189948 0.0100875087 0.229817435 -0.0141477864 -0.0994264409
-0.0207851641 -0.0592831448 -0.0696221516 0.0785602033 0.140313864 -0.0398485065 -0.292111099 0.0822700262 0.0529186912 0.212935016 -0.00643075909 0.0786447376 0.113095738 0.172814533 -0.0236253049 0.133930102 -0.052167397 0.245084748 -0.200177431 -0.093484655 0.0121014379 -0.00148834079 0.0642936751 -0.178362891 0.0767618492 0.0963957384 0.276776731 0.0791323707 -0.0498109572 0.114703834 -0.197527394 -0.0830557868 0.00543262856 -0.0241150297 -0.383548051 0.119102448 0.237875208 -0.000275443716 0.0190385506 -0.061751619 0.138432935 0.0375980623 0.182273135 -0.0684245154 0.0592801608 -0.099252291 -0.0103555378 -0.0012487811 -0.0388530046 0.115879223 -0.011408519 -0.21332106 0.0928751528 0.111999035 0.068506591 0.0221987795 -0.076974526 0.111580603 0.185057923 0.00689891027 -0.0814127848 -0.0406659134 0.0790169612 -0.00983173586
0.181641147 -0.135571107 0.12593849 -0.0284862481 0.185642526 -0.0676175207 0.00280015008 0.0712159947 0.236186981 0.228062496 -0.0877791196 -0.262404144 -0.0797265843 -0.00162882742 0.0899955481 -0.12777853 0.116794392 0.0535492823 -0.03663655 0.175227433 -0.0594174527 0.10262838 -0.273800761 -0.178711832 -0.0974106789 -0.153304845 0.0941870138 0.077576898 -0.0260654055 -0.241569683 0.0911571234 -0.0483722053 0.125226766 0.184635222 -0.098244004 -0.159364656 -0.0794722587 0.11983867 -0.106156901 0.0548704751 -0.213924333 -0.0523549952 -0.229228064 -0.0142635079 0.134481549 0.00477187289 0.0698110759 0.0707816407 -0.0239650719 -0.121774837 -0.0333890691 -0.112372242 -0.0588363707 -0.178666025 -0.0122038387 -0.0867015496 0.0603359379 -0.0238858871 -0.119655028 0.122356988 -0.0314056799 0.164362714 0.0350364074 0.0407576934
-0.139202535 0.0127204871 -0.0518747233 0.280464917 0.173699215 -0.132213622 -0.151983649 0.138613343 -0.124618925 0.0196682271 0.0598135404 0.0741038322 0.138100103 0.0887365639 0.0669271201 -0.113105431 -0.165783525 0.139650673 0.0187116154 0.0996699631 0.0888152346 0.13656196 0.138391152 -0.023822438 0.077860862 0.0337863266 0.158014879 0.217974529 -0.091692917 0.0345221348 -0.0159249417 -0.0574856065 -0.0236496776 -0.103772886 -0.131486714 -0.018322587 0.0748440996 0.177602828 0.0141204167 -0.153551519 -0.0785244554 0.287461728 -0.0386836901 0.0518740229 0.125743598 -0.143998042 0.0181982964 0.00565805985 -0.203396395 -0.0429060943 0.0306206364 -0.0535545759 0.379879326 0.22084409 -0.137606636 0.050354939 -0.0197675694 -0.087380141 0.224711642 0.0223678127 0.00408593705 0.000206107565 0.0488610454 -0.0283570942
0.111849211 -0.107195057 -0.0292619858 0.0271921195 -0.129301146 -0.05438032 0.0503140725 -0.21007964 0.0940787718 -0.154287741 0.104515187 0.113194346 0.0521353558 0.08010602 0.227134913 -0.104868658 -0.220259681 0.110378869 0.121095039 0.110647619 -0.0121733118 0.218146935 0.113405913 0.109088622 -0.0477668829 -0.0771948472 -0.0773523077 0.114971809 0.104547009 0.0130854733 -0.307425767 -0.0899557322 -0.0837558061 0.120533839 0.167142496 -0.0439792387 -0.0457504652 -0.144661218 0.0457393304 -0.0534767881 -0.0749583617 -0.145320654 -0.0640171319 -0.0213275254 -0.193934321 0.155633792 -0.146700591 0.153592706 0.00680994149 -0.206287876 -0.173895657 -0.15663138 0.178050503 -0.157251477 0.0654587373 0.0218631253 0.0546708256 0.0350555331 -0.0890876129 0.0809408873 0.0973138213 -0.0483007468 -0.179795474 0.199189648
0.307894975 0.062681891 0.0873519778 -0.0402590297 0.0441823937 -0.0123966876 0.124836072 -0.00518703088 -0.110230461 0.133169323 0.144039214 0.0819869265 -0.0147940638 0.0917590261 -0.029915899 -0.0848648176 -0.0743898451 0.0339719281 0.00420206692 -0.0775949135 0.0467330217 0.20876728 -0.147763222 -0.0331136286 0.0837873369 -0.176603302 -0.174458236 -0.0197328981 0.0965867937 0.225749239 0.115413897 -0.0750079751 0.11522314 0.0421392731 -0.0576458871 0.398930699 0.00957156532 -0.0501146466 0.164046228 -0.163494512 0.0138347279 0.0130451471 0.0863822401 -0.003716273 0.0444197096 -0.0137943802 -0.106782019 0.331120253 -0.08332026 0.0140130464 -0.118289262 0.249547422 -0.0750745609 -0.0697252601 0.119268164 -0.0937446728 0.0523837581 -0.0623714402 0.0516867116 0.123034857 0.148665503 -0.196287185 -0.00939671975 0.0602519177
0.0297513846 0.0238215663 0.0130912811 -0.153023005 0.0152467759 0.118938357 0.0994175524 -0.18502602 -0.0456913784 -0.075626865 -0.0695766732 -0.174220234 -0.300005764 0.179629907 0.199349597 -0.208470657 -0.14688243 0.048277311 0.0770394504 0.0456571244 0.27501303 0.071131438 -3.87141044e-05 0.0577485412 0.129500255 -0.0210128892 0.0235059019 0.0519388877 0.159664974 -0.270058721 0.109627686 -0.186442703 0.178817049 0.0450419746 0.0811597332 0.00944000017 -0.185044348 -0.125416309 0.0655533075 0.18463558 0.131118163 0.105343848 0.116741881 -0.124991931 -0.149859995 0.00992754661 0.2120381 0.00533364108 -0.0394942574 0.0744888633 0.00396019174 -0.0263887197 0.00327725615 -0.0178931244 -0.013528889 0.224318981 -0.125658855 0.00105433876 -0.0101549048 -0.0185417943 -0.0919653401 0.0174245089 -0.217374161 0.0366745219
-0.170269325 -0.122047812 -0.175567389 -0.0305972174 0.0277157426 0.0780976415 0.183732033 0.0960932598 -0.0826372579 0.241499931 0.0957006291 0.00191596698 0.116709203 0.111797154 -0.112165101 -0.0527493991 -0.132962942 0.203758612 -0.0888798684 0.0120312357 0.0661759824 0.00203301152 0.185835391 -0.00660645915 0.0611130148 -0.213638589 0.249007761 0.0803841874 0.0848304033 0.0741160959 -0.0212088432 0.152184412 -0.108662762 -0.171502039 -0.025667537 0.0632256791 0.245248765 0.107767098 -0.0457455702 -0.0858685374 0.0521758087 -0.110931143 -0.0576281175 0.0553726926 -0.0722870603 0.0168073252 -0.0824025199 0.105240777 0.104843639 0.332219243 -0.0175137855 0.0608105958 -0.205474094 0.294209957 -0.00128009205 -0.124879174 -0.00349931465 0.0213950109 -0.0168924164 0.14478454 -0.114932589 0.0909314528 -0.0509439893 0.104530267
0.220743388 0.0704672188 -0.0478338972 -0.118433692 0.0322919749 -0.109479822 -0.0092914477 0.056816671 -0.089328669 0.137907654 0.132331401 0.052906502 0.021936316 0.00271797809 0.160062507 0.0319270492 0.154952601 -0.245698825 -0.000948508794 0.0887157321 -0.0697212443 -0.0519858599 -0.266607016 -0.0744871423 0.0371467248 -0.201785505 -0.185763404 0.279707193 -0.138948798 0.105933622 0.106851183 0.0621821135 0.0088284174 -0.00389966043 0.0819988474 -0.0169824306 -0.231537774 0.100419499 -0.00138283859 0.0642650947 0.132587612 -0.0586793795 0.166524723 0.126354128 -0.148524344 0.144519091 0.0580997877 -0.0193766821 0.0416860692 -0.0267503485 0.261153579 0.103696041 -0.231313795 0.0464909412 0.19887948 0.0624635369 0.0881225094 0.116735965 0.0269445051 -0.150768548 0.159207165 0.00284513598 -0.097262308 -0.124807797
-0.160014033 -0.0813018903 -0.0239365846 -0.267973274 -0.184422165 0.0979723856 -0.0549468212 0.0804650486 -0.0192087721 0.299322724 -0.252019376 -0.0244568195 -0.168794647 0.201349467 0.134476185 -0.0806154609 0.1126495 -0.126228854 -0.0127403224 0.0504905134 -0.102418117 0.111739643 0.171665981 0.0406005606 -0.0644431561 0.0877751261 -0.0350242816 0.0676764622 -0.0604541935 0.00881636795 0.0821088105 0.0862768963 -0.145304307 -0.051708281 -0.10628242 0.0530555397 -0.204589695 0.23231782 -0.0825774521 -0.152916536 0.0227435548 0.117092893 -0.074402228 -0.0983027592 0.107955948 0.207645208 -0.13986738 0.157714024 -0.0797232911 -0.188827664 -0.00865717605 0.064298287 -0.0688181072 -0.136924282 0.00537444372 -0.0537914932 -0.000119735392 0.0128539102 -0.117875457 0.0311338771 -0.00321552507 -0.2369138 -0.19210121 -0.01833448
0.0405253805 -0.01510619 -0.1880676 -0.280708432 0.100779958 -0.0323101245 0.0553949624 -0.0364821367 0.077499114 -0.0174178369 0.0578329526 0.0609155037 -0.0338169672 0.0198558774 -0.155844137 0.0541281663 -0.0284114033 0.0995346904 0.0362737551 0.169324055 0.0946584269 -0.0492535755 -0.256208092 0.151085109 -0.23089847 0.133856639 -0.274395615 0.0293933786 -0.0361013673 -0.175746426 -0.0537371263 0.0308166463 -0.132104173 -0.210950285 -0.256424189 -0.0836349428 0.169500902 0.103165627 -0.0643008128 0.0956491753 -0.252960414 0.0215600301 -0.139984399 -0.156190753 0.0179821961 0.0392263867 0.0712048262 -0.149615407 -0.18585892 -0.00861926563 0.0364215747 0.0210447945 -0.154610708 -0.0216621347 0.105353802 -0.0529699586 -0.0362775661 0.0230642818 0.100037314 -0.123114429 0.069430843 -0.250278175 -0.0879069045 -0.0168953836
0.129070699 0.0644448549 -0.105688438 0.101588145 -0.0995469764 -0.24560301 0.0506997742 -0.113681324 -0.118665189 0.0451207347 -0.139065266 0.067139253 -0.161744893 -0.129684672 0.00727880234 -0.247654885 -0.068057768 -0.312994629 -0.298488051 -0.0876463428 -0.0685145408 0.0370595045 -0.0596662909 -0.0202231463 -0.0668500215 0.178767458 0.0164158512 0.121972546 0.20167391 -0.147257134 -0.263534784 0.108678244 0.0343054458 0.0469460487 -0.0186017491 2.73410678e-05 -0.0280190185 -0.157458916 -0.183738664 -0.00367751135 0.00769837713 0.159257546 -0.0219107196 0.114583172 0.0260061715 0.160939246 -0.119403057 0.0432604104 -0.0750331432 0.0291730054 -0.107297502 -0.141890377 0.0652199388 0.0387899205 0.0363879353 -0.000256954489 -0.143632561 0.0474132709 -0.0277227741 -0.17513822 -0.0294574779 0.204815641 0.165916532 0.0913713947
-0.0139237111 -0.186342999 0.0148366392 -0.102762461 -0.045973409 0.109282807 0.16370748 0.0479486883 0.0185707081 0.0580571853 0.0592648834 -0.0911793038 -0.106418349 0.138462409 -0.130046397 -0.0615750886 0.101573929 0.185938537 -0.161957324 -0.114758797 0.0457172915 -0.196672395 -0.102180719 0.0474842489 0.0867436603 -0.028878253 -0.0887752026 0.101010606 -0.0731834397 -0.249121904 -0.215335205 -0.0360410959 -0.140911192 -0.313109547 0.0579143502 -0.0930124298 -0.190631166 0.103351571 0.25157094 0.135711327 -0.0758877471 0.239406228 -0.0576433726 0.0194425918 -0.00919963978 -0.115321495 -0.0220446102 -0.0185083579 -0.0168468133 0.0914974809 0.00820489693 0.00200508442 0.00978888385 -0.126388282 -0.151554838 0.0741608143 -0.0134324506 -0.0423354879 -0.1432392 0.144730538 0.253843755 -0.194060624 0.0498470478 0.155639753
0.0163452514 0.0363827683 0.00640803529 -0.043346677 -0.120722361 -0.372745246 0.0374132954 -0.168943822 0.0159192551 -0.161032006 -0.118349016 -0.0752476081 0.120043911 0.0204112343 0.279219478 0.144527972 0.130478099 0.133066446 -0.0047666491 -0.163213983 0.0409479402 -0.0645868182 -0.165900186 0.0084032584 -0.0189948138 -0.0178535357 0.00739660906 0.0981514826 0.0372468121 -0.0127042215 -0.107368588 0.0546496063 0.0532525629 0.0622511208 -0.113379702 -0.0323776826 -0.0222916603 -0.00463143084 -0.152545959 0.338319093 0.177611783 -0.131131232 -0.0335275158 0.145345554 -7.67312376e-05 -0.0715529174 -0.0598272532 -0.12757434 0.129062891 -0.0060589416 -0.224586904 0.0303183459 0.21772176 -0.216598153 0.15378274 0.00437639374 0.00741067575 -0.0761803165 -0.216944799 -0.115276024 0.085091576 0.100077704 -0.0700172782 -0.0547698438
-0.245574951 0.0985500887 0.0221050959 0.0163676124 -0.0838981867 0.0377670564 -0.0106598437 -0.0458518006 -0.134588167 -0.247145459 -0.120599538 -0.0724323243 -0.0107710306 -0.183678836 0.10618189 0.141492039 -0.128164604 0.0817020386 -0.0208178367 0.0990300551 0.177940816 -0.126049548 -0.128839061 0.0910309553 0.0300963745 0.0281177144 0.303628176 -0.0875498503 0.0351325609 -0.0716671273 -0.0704676583 0.0123392511 0.115314916 -0.157739639 0.150062501 0.129221693 -0.0190911479 -0.035983596 -0.16190885 -0.121612392 0.124878578 0.130088732 0.200904861 -0.10897053 -0.264431059 0.148050636 0.104900502 -0.135310531 0.0125798127 0.119214088 0.0397588238 0.142462447 -0.132807359 -0.11394994 0.010406198 -0.00744526275 -0.0440672562 0.0932375565 -0.202449292 -0.0771304965 -0.0395632535 0.204180256 0.200012729 0.0419123992
0.0749476105 -0.0672950745 -0.285354555 0.0942283869 0.0738253668 -0.0145546868 0.191264585 -0.15654771 0.0924333259 0.0695056394 -0.265178323 0.0127386674 0.166679472 -0.0280803274 -0.035462141 0.213691071 -0.0153490836 0.0216172487 0.0039470233 -0.138534874 -0.0533478819 -0.107071429 0.0650888234 -0.101008147 -0.135102838 0.00229116017 0.0230767075 0.233697876 0.258670211 0.00890660565 -0.0741062462 -0.0826768652 0.0136178434 -0.274431169 -0.207401648 0.0838998705 0.190512761 0.130553469 -0.22524783 0.0203057341 0.0336165577 0.115691908 0.141159654 0.148032501 0.0246768314 0.119754158 0.119547084 -0.0104369242 0.209496468 -0.11342936 0.0759795681 -0.0952176601 0.083797954 0.0312511325 0.120996252 0.124676079 -0.0651081651 0.122705847 -0.00440241443 -0.0230002142 0.120203927 -0.00544167869 -0.0537295304 0.0966101736
-0.0407162197 -0.16358602 0.0258121565 0.127551854 -0.0948340669 0.0845997036 0.111053474 -0.25220111 0.0730586648 0.114545166 -0.0753317922 0.195254326 0.00143521617 0.073447302 0.0274085552 0.219978794 -0.111552149 -0.20803073 0.0201357566 0.00140514493 0.170381784 0.0706871748 -0.112759791 -0.0347165018 0.107744209 -0.184838578 0.014474744 -0.114308767 0.0247036703 -0.172204643 -0.184156135 0.0430687815 0.0874908417 0.101830505 0.145830423 -0.218500555 0.079096362 -0.120118603 0.232187271 -0.0739719793 -0.156723514 0.256764263 -0.196981162 0.0228526331 0.0264752023 0.127291337 -0.0886987746 0.144440949 0.0889463574 0.00868419837 -0.0865919292 0.13079612 -0.00324232667 -0.138382837 -0.137033433 -0.14645192 0.0890078098 0.102524497 -0.013725833 0.0954726711 -0.219682202 -0.0718398541 -0.00453474605 0.0299322847
0.181323603 -0.327329665 0.140183315 0.107101738 0.0943645909 -0.0977708325 -0.026750613 -0.138192832 0.233636066 0.00562536484 -0.164358214 -0.189104736 -0.0359266996 -0.179339886 -0.0729889646 -0.154940605 -0.171195075 0.204893634 0.167464048 0.0784835219 -0.0631890595 0.0590967461 0.205495432 0.0398213416 -0.19817318 -0.0849432126 -0.0874943808 0.0855762586 -0.0788901299 -0.112576805 0.0608788244 -0.0852378309 0.047618039 0.0289263446 0.106494889 0.0919897631 0.016926229 -0.0250832643 -0.0380766429 0.130174845 -0.0698650777 0.0653140843 0.0170285664 0.065855585 0.107688643 0.186343327 -0.197625205 0.153719679 -0.033838205 0.0170309749 0.0340260044 0.166917354 0.058006309 -0.0772624463 0.125287771 0.0510747917 -0.0616217889 0.222917259 -0.0755880028 -0.0545790829 0.0310345758 -0.184961915 -0.203956366 -0.0149830086
-0.281973779 -0.171518862 -0.0773717985 -0.107534155 0.0932876766 0.139340684 -0.00360593479 0.0570329651 0.0395336337 0.076048784 0.151950851 0.15521352 0.00119396357 -0.0207271967 -0.161700293 -0.0676473752 0.0159279741 0.0162845869 -0.180385798 0.128353506 0.0276007243 0.144558147 -0.164822653 0.143657401 -0.0522423126 -0.0119190244 0.216210753 0.0635011122 0.180357337 -0.180874124 -0.0461803414 -0.0696831122 0.12276791 0.0294442568 0.170116395 0.110586442 -0.00160800619 0.193768755 0.0138407107 0.0801059157 -0.0101008015 -0.0126171224 0.11028146 0.0286689363 0.0930638462 0.164004236 0.1712915 -0.131039649 -0.0839325637 0.172126994 0.202894613 -0.166389197 0.114986241 -0.0239953492 0.19704026 0.0579499826 0.00459054112 -0.305367231 -0.00414075982 0.0279105492 0.144113317 -0.187948048 0.0539387204 -0.020590838
-0.000152713954 0.161074996 -0.124773711 0.0924083441 -0.103913978 0.0213013571 -0.0698397011 -0.220213786 0.22616072 0.119074889 -0.102587737 0.230890989 0.0139001887 0.0472893305 -0.0546267666 0.124008693 -0.120514818 0.201809585 0.047816664 -0.0770445764 0.0559018888 0.0263438448 0.0431056395 -0.190284416 -0.106779709 0.00851253048 0.0616779514 0.0805099085 0.0503524877 -0.276370406 -0.100826524 0.00109666015 -0.147919521 0.1594989 -0.0839336142 0.00578066614 -0.0363806672 -0.0249277148 -0.0259295516 -0.22565566 0.0608903021 -0.074779138 -0.164456651 0.126509532 -0.0995010436 -0.0771761164 0.148729265 0.138556287 -0.134774357 0.141163066 0.201256484 0.123305552 0.201359823 -0.200025231 -0.0246582404 -0.219084606 0.0172422435 -0.122997835 -0.167631611 0.0123033216 0.116697557 0.0747443587 -0.0392190181 0.119682163
-0.0139802843 -0.219905928 -0.0386977606 0.00785257854 0.058797542 0.0821862891 -0.0199132171 0.153099507 0.0211289022 -0.0454472005 -0.0819739625 -0.210286647 0.248958007 -0.0835136697 0.233864009 0.0712070316 -0.0752272308 -0.0381044447 -0.0833405331 0.050229568 -0.091679588 -0.0111377416 0.20749034 -0.12299192 0.0756898448 -0.0237096809 -0.167039633 0.153287321 0.116686873 0.0767349154 -0.0783480927 -0.12089777 -0.0521001518 -0.106312588 -0.102300338 0.106066436 -0.0784675926 0.00311995088 0.3511917 -0.20673281 -0.041821029 0.232643589 -0.0902808458 0.121758252 0.149036005 -0.140944511 0.0174434595 0.0163735207 -0.0637413189 0.131573647 -0.0302913617 -0.13576068 0.0463622063 -0.102608852 -0.126471192 0.00653603068 0.0942211449 -0.175286546 -0.0785644203 -0.108141005 -0.113370299 -0.274585634 0.0538883284 0.0699930564
-0.0227848608 -0.178866476 0.224223375 -0.0540173426 -0.087775141 -0.107202753 0.0412436239 -0.0527028777 0.00124037452 0.0169764366 0.0503509566 -0.0769717768 -0.000958261488 -0.0981115401 -0.113018051 -0.220815092 0.030072391 0.00536734005 -0.0264982823 -0.229292035 -0.231802791 0.107013926 -0.364314139 -0.144043788 -0.125420898 -0.121589169 -0.0781147033 0.140925199 -0.0748149902 -0.0709955171 0.213136375 -0.214973882 0.0591241345 0.142473638 0.159439966 -0.0292838644 0.155685171 -0.172133788 0.0789028257 0.148631439 -0.0799966976 -0.0240928233 0.109429203 0.197511509 0.0918396041 -0.0491805039 -0.0722079948 0.22865884 -0.146480918 -0.103122115 -0.0186084919 -0.115205988 -0.0764247105 0.0258527342 -0.0161212198 -0.194718912 0.0489314161 0.074032329 0.0222115349 0.0489373468 0.0899525136 0.080355987 -0.0687267035 0.00904981792
0.0379021168 0.0244515985 0.0975342989 -0.0722201318 -0.173962668 -0.328614265 0.0269345976 0.131413445 -0.0165586751 0.0917444751 0.0804341882 -0.0802379921 0.00637050625 0.0135126142 -0.0631894395 0.0640437156 0.058321882 0.219014272 -0.0620366409 0.130269125 0.0679282844 -0.0876280367 0.059815716 0.0840811953 0.0605007112 0.105647326 0.0350975767 0.0298721921 0.192020059 -0.0206883978 -0.0131363356 -0.00369027024 -0.0304993838 -0.112514257 0.154577494 0.0162226446 -0.0159348752 0.140775561 -0.0823850334 -0.187317804 -0.278948575 0.113426365 -0.169200107 -0.114012673 0.0770699382 -0.154786289 -0.175621673 -0.0201351978 -0.142373174 -0.279924363 -0.149039388 0.123169102 0.248488575 0.0293097477 0.199102461 -0.0264666658 0.0451267473 -0.0726838931 -0.0256386008 0.142504692 -0.035939537 0.150734395 -0.237963587 0.0805381164
-0.0917376205 -0.0725523978 -0.0666349456 -0.00368074002 -0.105264865 0.0410195328 -0.103947841 -0.000316496444 -0.140716746 0.0267288797 0.0579472333 -0.153236255 0.180499434 0.113129735 0.128630057 -0.0772598535 0.0295198821 -0.184142113 -0.202806354 -0.0446272641 0.193149596 0.151218191 -0.0814161897 -0.0682223439 0.299320579 -0.193616629 0.0579984523 0.0548176356 0.17761749 -0.0756513849 -0.119464412 -0.0298784338 0.0502174981 0.0155063765 0.0405817777 -0.0551080629 -0.0283743367 0.106152557 -0.0409041084 -0.0566385351 -0.126873404 -0.184989035 -0.0596268661 0.111090198 0.256660938 0.0404635109 -0.00900740549 0.0457138419 0.29354924 -0.0859152749 -0.0684535727 0.168499783 0.0863340646 0.042349156 0.39689827 0.197915033 0.00305347983 -0.0131178303 -0.00679005357 -0.0116624227 0.0391285494 -0.111434333 0.0225692857 0.0105536385
0.0454834849 -0.0215866975 0.120784596 -0.0584081188 -0.0468948707 -0.0284682512 0.123345077 0.0194434579 -0.0724564418 -0.0105400793 -0.0448224917 -0.240682915 -0.0977114365 -0.0506312177 -0.0280324891 0.0467014946 0.0114681851 0.18524082 -0.106341876 0.158029363 -0.145626083 0.0256921556 -0.103482157 0.195742786 -0.0743471235 0.149168998 -0.136628181 0.241669372 -0.0625189766 -0.171114072 0.180428684 -0.0864518583 -0.0318806842 0.0758551136 -0.0316326655 0.0222999267 0.0723854005 0.110805936 0.136290818 -0.0644792318 0.273983806 -0.145961568 -0.0538447276 -0.134972826 0.22884278 0.105222695 -0.230830967 -0.126383945 -0.207440108 0.0457137376 -0.0389967971 -0.098241657 -0.0561452396 -0.0475589298 -0.163012281 0.227730528 -0.0979527757 0.0135802021 0.0819925964 -0.0877119824 0.0636335462 -0.203921631 0.181697622 -0.138249218
-0.0814246237 -0.228499934 -0.0959541574 -0.0612088591 -0.096938096 -0.0709095597 0.0890236646 -0.125301793 -0.251657844 -0.295098156 0.138298258 -0.02846184 0.0507787801 -0.0428842939 0.159553856 -0.00729576917 0.0641114041 -0.185333312 0.0382663123 0.225938126 0.075737901 -0.232777223 0.0627734289 -0.30613488 -0.225776494 0.0492426045 -0.0629914254 -0.11568293 0.061793264 -0.147473291 -0.0958575234 0.103258744 -0.150585324 0.216555908 -0.052833125 -0.088943474 -0.0178539027 -0.204668626 0.0775961131 -0.0746095404 -0.14552933 0.101003848 0.00574419508 0.174359247 -0.0274416879 0.0385590084 0.0228665974 0.0731671974 -0.108606346 0.157668293 -0.0696528405 0.0621052682 -0.0319433324 0.0658109933 0.0914409608 0.0023686639 0.102567248 0.11654862 -0.0373481214 -0.0422640517 -0.179991588 0.0379011706 -0.0308570694 0.000822125876
0.113237306 0.110751525 0.100551426 -0.202951834 -0.0593256168 0.0372308083 -0.0168843158 0.157566503 0.0116271535 0.202671677 -0.192097679 0.106600821 -0.115552798 0.0295000616 -0.00917971693 -0.050603848 -0.173004672 0.176301271 -0.0437642261 -0.0724057481 0.111552492 -0.0169783439 -0.0463053323 -0.0096998997 -0.0388323441 0.0111539718 -0.0745619088 -0.00038706098 0.206639096 0.0400428176 0.141934469 0.059889704 0.0704583749 0.0963670313 -0.0820515603 0.0403945185 -0.0363109186 -0.0715423822 -0.0565932766 0.158410773 0.107635617 0.149188161 0.0407690406 0.181603104 0.043831747 0.345337152 0.0682651848 0.136986762 0.279792696 -0.153569326 0.0974417776 0.233029842 -0.0813769177 -0.03364015 -0.185914069 0.0945804268 -0.27616033 0.17319423 0.0643585175 -0.125050873 -0.0692660883 -0.0473873392 0.0582904071 0.070945181
0.185064167 -0.0915415809 -0.0667660609 0.155279189 -0.00351620954 0.0837063417 -0.072903879 -0.030475609 0.0599686056 0.126359731 0.0449180044 -0.17221567 -0.0334373638 -0.0187733248 -0.10772232 -0.0136155197 0.0487871915 -0.0434775613 -0.0426041819 -0.0313727073 -0.0290976427 0.0555311926 0.0929662585 0.21048288 0.125322774 -0.10023468 0.00748203881 -0.0237639043 0.206875712 -0.0633235052 0.0598506555 0.0445706882 -0.0259517301 0.0531532057 0.130336568 -0.208060205 -0.126227275 -0.1318122 -0.0750094727 0.139886305 0.276748776 -0.0580245815 -0.346180499 -0.0388747007 -0.159316257 0.0528465807 0.160984948 0.122683547 -0.0505698808 -0.0273635723 0.047242444 0.209706753 -0.142696813 -0.0277507789 -0.0553685948 -0.291161746 0.101588801 -0.000116306161 -0.111592993 -0.0786690116 -0.356183231 -0.0273531266 0.00420223968 -0.0230995808
-0.105972923 -0.0273276083 -0.00254421891 0.0669826865 -0.0171825346 0.127892196 0.0882801563 -0.210086584 -0.150801405 -0.00994567666 -0.0211112462 -0.215579391 -0.00170531508 0.155050173 -0.218635365 -0.0766823664 0.143208757 0.0395834409 0.113973916 -0.073243916 0.126747668 -0.221250176 -0.136944562 0.239894465 -0.157645315 0.0591116585 -0.0144250197 -0.0129118925 -0.0710950419 -0.154089674 0.0814180672 -0.123253092 -0.0135222292 0.13628681 -0.0536408648 0.14408198 0.0955990553 0.248832047 0.134030715 0.160310417 -0.0610627085 -0.0390670486 -0.11359936 0.00141940231 0.0569333173 0.0436151884 0.0082742637 0.0934472159 0.128506884 0.228429019 0.0656825453 0.00638286211 -0.0758905411 0.231360361 0.106756456 -0.106838815 -0.0504278541 0.222431943 0.0336916856 0.186420009 -0.0561191887 -0.0882130116 -0.193843529 -0.159979373
-0.12981534 -0.0820740014 -0.397999108 0.000448763807 0.0732854977 0.22461158 -0.0922535211 0.102294721 0.00713196117 0.0321412496 -0.172595844 0.0453208797 -0.00261370605 -0.000898668077 0.24886927 -0.146229118 0.0576264709 0.0344666317 -0.151604995 -0.123755246 -0.139205277 -0.116610177 0.124648422 -0.0511318967 -0.109508768 -0.0593666397 -0.0717184991 0.0349473469 0.24409005 -0.103975959 -0.0158846807 0.0291133821 -0.0342955813 -0.0198214557 -0.102278084 -0.0392636098 -0.0113455746 -0.0268635098 -0.284753412 0.0562335178 0.154899746 0.0192398187 -0.145127326 -0.095903106 0.123286366 -0.0884260014 -0.155379549 -0.235388562 -0.0822547898 -0.00907315034 -0.0957727879 0.122829348 0.0828649849 0.247964457 0.120736435 0.02925626 0.039571058 0.0783553272 0.181384712 0.076216124 -0.0609060712 -0.0982715487 0.0646098629 -0.0702795759
0.164073065 0.0275602434 -0.108123824 0.131256863 -0.0104063749 -0.213289171 0.104240417 0.104518853 -0.0309605226 0.0933088958 -0.00287622749 0.0799235851 -0.157770365 -0.154400572 0.302130312 0.0962912068 -0.114546642 -0.0909574255 -0.0501735657 0.0301974695 -0.0408938825 -0.242422447 0.0736261383 -0.174556881 -0.0248899963 0.0415836908 -0.0831296295 -0.0296338554 -0.0608284958 -0.0859079212 -0.0494555384 -0.0464286879 0.129835278 -0.0610535629 -0.054060176 -0.0832244456 -0.084780775 0.127055705 0.0744819492 0.0988422334 0.0916763544 0.337469399 -0.0326119214 0.215555772 -0.0297591742 -0.0333721489 0.0282798465 0.194341347 -0.0390197821 -0.227703005 0.0465433113 0.0117801391 0.0231163148 0.234238669 0.0954420492 -0.0659935772 -0.0405038483 0.225225985 -0.154579163 0.0622050688 -0.0356883183 -0.00112639868 -0.276993245 0.0393358171
-0.149460644 -0.0897043422 0.00281014224 -0.106647998 0.0111321704 -0.262210786 -0.0120655047 0.211215511 0.10584376 0.20635666 -0.0978195667 0.0336446948 0.0177946221 -0.0920039937 0.11132855 0.2493902 -0.0435202904 -0.126744509 0.112503059 0.0835989937 0.213235661 0.117346637 0.0660142973 0.135539666 0.0794761032 0.170275837 -0.137045249 -0.0849446356 0.0142289633 -0.0562807582 -0.0227657855 0.16267547 0.00771123031 0.0620044656 -0.00545409927 -0.125061944 0.0368852876 -0.191973239 0.118921034 0.0661799461 -0.000913067313 -0.028838912 -0.135619581 -0.102415532 0.198787749 -0.0448642261 0.149750441 -0.0171842203 0.015229444 0.195702255 0.146228313 -0.0337916166 -0.0137997214 0.130998626 -0.0244161095 0.0090831155 0.0456666574 -0.257407188 0.347514391 0.104240671 0.0451362729 -0.168080568 -0.0661658272 -0.0387995429
-0.0981185213 0.0465080962 -0.147785842 0.217254132 -0.104028389 -0.0122741926 -0.0039611808 -0.177770123 -0.103612177 -0.0821984038 0.15047735 -0.0019626196 -0.291272193 0.0331298746 0.0745518133 -0.192588702 0.0643508062 0.0570330098 0.101411745 -0.00714103505 -0.0214925781 0.255820841 0.0923022702 0.0912271217 0.148173392 0.0915057734 -0.00388450339 0.207429886 0.230510369 -0.283561468 -0.0692035332 0.0248976313 0.145429984 0.202261448 -0.0239577889 -0.0576448105 -0.0553549826 -0.033565551 0.0992778093 0.107010089 0.0426107831 -0.00896515884 -0.181515023 0.0784799531 -0.0303346515 0.0687194616 0.181648582 0.0260757897 0.250338346 0.032351613 -0.0636481568 -0.131057113 0.0617233776 0.0545979328 0.164406329 0.0142500326 0.074475795 0.0218152199 0.0326183476 0.282916665 -0.0646312982 -0.113000497 -0.0140278516 0.00641810661
0.00522532687 -0.219789013 0.159012854 0.00394663261 -0.0964088961 -0.0871650055 -0.181544557 -0.0410390347 -0.090644151 0.0396765992 0.0714505613 -0.0720195174 0.217168674 -0.00477008009 0.2588287 0.0347263888 0.0844655409 0.0894732028 0.0709158108 0.183950588 -0.158904701 -0.13132742 0.171955422 0.00620621257 0.0741862729 0.16434446 0.10811621 0.127346829 -0.0873601884 0.0376969054 0.0563561134 -0.104464523 0.120483808 -0.247119501 -0.136530206 -0.056350179 -0.162672698 -0.0429581888 0.11387632 0.195688665 -0.17484653 -0.09590175 0.0363975205 -0.11718937 -0.1283077 0.00454809377 -0.0871402547 -0.0969106853 0.0167041589 -0.280036509 0.100484803 0.0289074164 0.0151216462 0.0871769935 -0.152091086 0.11103189 0.0795584098 0.0542231165 -0.0492971279 -0.156756312 0.280558914 -0.0267658643 -0.113030463 -0.0550269485
0.322395355 -0.110345818 0.253659606 -0.0663889274 0.156542227 -0.12295793 -0.127205327 -0.0818729997 0.0864662454 -0.03093669 -0.0671763495 -0.110661343 0.0381037258 -0.0817026421 0.0709662512 -0.10888344 -0.0347643942 0.0381211005 -0.00694753742 -0.157924563 0.1734754 0.0987492055 0.12649864 0.043813061 0.00649812864 0.157600075 -0.0676089153 -0.0216216929 0.13544929 -0.217232481 -0.0144802993 -0.290969849 0.126480982 -0.00231889845 0.278462827 0.07065925 0.132055283 -0.00264880573 0.0114132836 0.0229893588 -0.0192270819 -0.0501369089 0.0395920426 -0.0547326729 0.0908971056 0.0381615721 -0.22240372 0.164311364 -0.00137427729 -0.058973439 0.0754221529 0.0813529491 -0.111227714 0.153953493 0.0563794822 -0.142829075 0.172991306 0.143476635 -0.131597668 0.0341192484 0.211061165 0.0419157706 0.177620649 -0.0641590133
-0.112426341 -0.108086817 0.18545197 0.130230263 0.2989299 0.124676362 0.0955713093 0.119046442 0.00908530317 -0.130229071 0.145287395 -0.0852719545 -0.0817882121 0.0496053174 0.310105085 -0.092137605 -0.100691907 -0.00124987785 -0.0851262957 -0.0949809179 0.0856854841 0.182371005 -0.0745545849 0.00580704492 -0.12443161 0.100126572 0.0168911535 0.0606053211 -0.0789617151 -0.226928055 0.0113871759 0.148296773 0.0145896627 0.00582860224 0.232698649 -0.242078006 -0.150006339 -0.0300864764 0.0946074501 0.083860606 -0.0776595697 -0.0937608257 -0.128951669 -0.0563654751 -0.0367764346 -0.000685123319 -0.138399199 -0.0812173039 0.0611706339 -0.0948300138 -0.106449798 -0.281638265 0.0765902176 -0.0323806517 0.12343619 -0.135103762 0.175908789 0.065786466 0.0097960392 0.0829896182 0.036555957 -0.148144543 0.112604 0.137263834
-0.0254516918 0.242911652 0.105715275 -0.0664050728 -0.0219266526 -0.125034586 -0.00679756328 -0.0232067294 -0.167896718 -0.0433712602 -0.0577066839 0.0496541411 -0.0913849771 -0.0546671078 -0.0833762214 0.161426723 -0.272468358 0.10928639 -0.149598435 -0.0870770365 0.0942289308 0.202475891 0.0280224048 0.0128982477 0.144485682 0.0843183696 0.15430373 -0.219407633 -0.06900426 0.132096365 0.108720198 -0.193492532 0.0684437528 0.100743689 0.0587200113 0.136185899 0.0759677589 0.145607635 -0.0169376526 -0.154366165 0.05432662 -0.100891985 -0.0318660401 0.0458419584 -0.0485364012 0.0674607307 -0.179540724 0.0289736018 0.0281293876 0.0842324346 0.130098253 0.0206975602 0.109551564 -0.0566669106 -0.0808672905 -0.383039773 0.126439065 0.0312391818 0.21004197 0.152454212 0.0709909126 0.121301025 0.217854068 0.00860475469
-0.184462503 -0.219177768 0.060242001 -0.0109109916 -0.0207728278 -0.0428626537 0.148308218 0.054958839 0.0269136298 0.100498274 0.0516542234 0.0710197985 -0.103767008 0.0540846139 0.0573215708 -0.0364578329 -0.0204508565 -0.076068908 0.152704805 -0.0329403095 0.0403582342 0.12807706 0.113850363 -0.0710397065 -0.117587887 -0.148196727 -0.234868571 0.213536099 -0.0421267599 -0.282060355 0.0463073514 0.168258473 0.300479233 0.0335649662 0.03668347 -0.183333799 0.194406733 0.148468673 -0.0754370987 -0.109910011 -0.0235788394 0.0594457425 0.0173423905 0.149220198 -0.0170454308 0.072735697 -0.267668724 -0.114176609 0.0975973532 -0.0488970987 -0.183765292 -0.0705806613 -0.101666532 0.149657145 0.223047808 -0.0593008474 0.0442788452 0.0281531364 0.0892502144 0.185215935 -0.110466927 0.13414149 -0.0198755451 0.0434369892
0.0681330785 -0.122319005 -0.000308837305 0.00644831499 -0.0843436122 -0.0137795787 -0.0737083927 -0.146073431 -0.0559462495 -0.0449624583 0.0585263632 -0.0461681373 0.158550382 0.117709965 0.0517919362 0.139784068 -0.222735256 -0.125712559 0.0338896401 -0.014164432 -0.157367826 0.050305374 -0.0443776995 -0.0619121417 0.277180433 -0.0255998448 0.021068817 -0.113168284 0.105279885 -0.191637799 -0.0602952242 0.03392924 0.00678596832 -0.0151705183 -0.00134698313 -0.107838951 -0.107360952 -0.00208592182 -0.124301203 0.128604487 0.137348503 -0.181167096 -0.0925137848 0.0528213829 0.170726806 -0.0414369069 -0.0222313758 0.111080483 0.132162452 0.376550555 0.285748571 0.0457836054 0.157196745 -0.0856110305 -0.043420732 -0.219182357 0.175795421 -0.0977352783 -0.0179310869 0.0762585178 -0.28120324 0.0584532358 0.0462412536 -0.113169804
-0.173064902 -0.0325853862 -0.220885158 0.216675296 -0.0706657767 0.154965952 -0.131397665 -0.103972428 0.0126835415 -0.0585305393 -0.26611495 -0.0451960228 -0.033516027 -0.1017197 -0.075193584 -0.166248396 0.121365167 -0.11810375 0.05798807 0.250223368 -0.0365074612 -0.141751066 0.0790254623 0.147854596 0.0206165779 0.0356407091 0.00762408227 0.197719619 -0.073423788 0.129995719 -0.135641485 -0.151604444 0.0907070041 -0.0824320763 -0.219387233 -0.311105043 0.145586655 0.00112438935 0.0715340674 -0.117844164 0.0985576734 -0.0661568046 -0.0161445457 -0.0144939348 -0.00234147324 -0.0471806116 -0.163479984 -0.00307789422 -0.0860741362 -0.00331043312 0.0588549897 -0.304405928 0.0432764329 0.00498762168 -0.0771046728 0.186576381 -0.0762605071 -0.17317301 0.00256470777 0.00471706688 -0.139385581 -0.0300099812 -0.0132841403 0.00662321737
-0.217947215 0.150074735 0.117265955 -0.00740988692 0.207540244 0.0530474931 -0.239768311 -0.0868334621 -0.214814112 0.13184014 -0.162830606 0.233886391 -0.103450686 0.130551785 0.0527339168 0.233453378 -0.00960889645 0.088469021 0.0366991311 -0.0957209691 -0.0248786751 0.00542924087 -0.0923936665 0.224317178 0.0927200988 0.0774569586 0.23911497 0.167058229 0.14098154 -0.0589988008 0.00347590027 -0.0399506129 0.0054338309 -0.0966878012 0.128300071 -0.234177843 0.101129539 -0.15220429 -0.0750769377 -0.0726626515 -0.0366532356 0.0187252946 0.143883094 0.0285963193 -0.0400038138 -0.132757917 0.0545907281 0.0464829989 0.0858907774 -0.226979911 -0.0831309408 -0.096738942 0.056115225 -0.0713490024 0.0577546693 -0.0761118457 0.0163746588 0.0215606354 0.130910024 0.00389360334 0.149522781 -0.175840989 0.147016749 0.122585952
0.0111284312 -0.0608570352 0.121239476 -0.103955761 0.093271181 0.163197309 -0.129624292 0.09522935 -0.106652446 -0.0819652006 -0.10552837 -0.032605432 -0.0589733869 0.0523913912 -0.168578342 0.0450551473 -0.0379666388 -0.0108223325 0.0967887193 0.306309402 -0.348542094 -0.106990546 0.023628369 -0.0246950556 0.20961152 0.115484089 0.0955670029 -0.0060186726 -0.0657049641 -0.0754558742 0.0902781859 -0.2314592 0.0257256124 -0.0606712028 0.0514434576 -0.212357461 -0.144689843 -0.13779892 0.277758449 -0.202862695 -0.017199263 0.111009717 -0.132180601 0.112438552 0.0335124061 -0.109470665 -0.031445656 -0.00258170464 -0.128286004 0.10011588 0.0296828449 -0.171413749 -0.011192604 -0.0322711207 0.16973795 -0.14288719 0.0717534497 -0.0568010993 -0.0809423625 -0.164695159 0.135281995 0.116912588 -0.073734656 -0.108304076
-0.0369697548 -0.0759506226 0.130638376 -0.085077934 0.21904999 -0.154296502 0.112777278 0.193306342 0.0185015798 -0.121516451 0.131437808 0.171084911 0.21324864 -0.0498336218 0.0909347236 -0.179507688 -0.00282253744 -0.0391962864 -0.156665713 0.104824245 -0.0189302173 -0.0810344517 0.17370224 -0.160884649 -0.108662225 0.0682967156 -0.0530476384 -0.0115878684 0.088063702 -0.257448703 -0.0948813483 0.0755559653 0.0485273376 0.0951060057 0.105847724 0.188881844 -0.140572935 -0.0211341027 0.135394067 -0.163793311 0.292318493 0.0872622579 0.0855102614 -0.00966886524 -0.011875228 -0.127343729 0.0180574935 0.0810933635 -0.03079753 0.0424432121 0.050436005 -0.114837088 0.114941835 -0.0702433661 -0.049803894 0.0285674557 -0.056863647 0.142505497 -0.320613742 0.242461368 -0.0270320885 0.0667698234 0.0311622228 -0.0988506824
-0.217796177 -0.107634157 -0.181252733 -0.00514587993 0.102166682 -0.0524479114 -0.112564556 -0.24067612 0.0583961233 -0.20299302 -0.142028287 -0.0266899653 -0.171909675 -0.0673672557 0.197338194 -0.0298910365 -0.147401214 0.0194168799 -0.000600497646 0.0619753785 0.173269317 -0.205007568 -0.0471889339 -0.216064796 -0.0100029493 -0.0453189798 -0.170896173 0.0357800089 0.124199651 0.192618698 -0.142236561 0.142980799 0.116599828 0.203460932 0.261341989 0.131945819 -0.16308035 0.11048542 -0.116108082 -0.0369245745 0.00291444827 0.0444720946 0.104051135 -0.125957713 0.0367934033 0.159142181 -0.0947479159 -0.000609560404 0.0625543445 -0.00772994151 -0.0864805728 0.132981986 -0.100206934 0.0441997908 -0.105401792 -0.238185093 0.0453501903 0.02287459 0.134570777 -0.0356673896 -0.0194217525 -0.0688151941 0.0339680426 0.127497524
0.0634844825 0.0191001929 -0.113366202 -0.261351824 -0.122117512 0.206973046 0.0551551655 -0.284835666 0.189302787 -0.0958835557 -0.16927363 -0.061158862 -0.129237235 0.0122879483 -0.00783996936 0.0584760383 0.0995743275 0.113632761 -0.0943230093 0.0330010243 -0.132096976 0.0528215468 0.13301979 -0.00726097357 0.257394314 0.0758578777 -0.0153538249 0.206151828 0.00906699244 0.0494769141 0.0618008338 0.00275679608 -0.0547972396 0.0391620956 -0.10069555 -0.0940594375 -0.0462967418 -0.0659501106 0.0125536285 0.18571046 0.135199353 -0.222595185 -0.0153560815 0.296224385 0.0430394299 0.157231346 -0.0343641676 -0.210173011 -0.302848756 -0.111203447 0.0854846984 -0.0566589385 -0.126624048 0.158163965 -0.114487566 -0.046277225 -0.0714629963 0.0104098795 0.0621589795 0.0650821477 0.0163693707 0.0143375164 -0.0534637757 -0.054044418
-0.132254452 0.124279037 0.105479024 -0.161489815 -0.0436185896 0.131821349 -0.165674627 0.0975517333 0.000584026391 0.0298681855 0.0983135775 0.0503624864 0.0827103257 -0.011506184 0.131855503 0.055854205 0.00125716382 0.0466992445 -0.224195123 0.129455954 0.111791708 0.0025269934 0.272654861 0.132336423 0.274947375 0.0588039123 -0.144180462 0.0229512844 -0.11800994 -0.0166145898 -0.12130148 -0.0474472456 0.0192843731 -0.00362749468 0.208523273 -0.133255258 -0.00373669644 0.0719416142 0.156798825 -0.11525891 -0.0793221965 0.114587061 -0.0639276132 0.178698123 -0.363003314 -0.0699201971 0.000609540206 -0.0763944611 0.0488819033 0.16649422 0.129740477 -0.103657141 -0.0667567104 -0.0837889686 0.251235425 0.031193858 0.0506509766 -0.106768303 -0.243909195 0.0366743691 -0.0252505224 -0.0340249315 -0.0265179984 -0.121505715
-0.12587668 0.132204935 0.145778537 0.0596895479 -0.100306019 0.119329229 0.146160156 0.122636229 0.087202549 0.0366056487 0.0848099738 -0.0108423391 0.169427603 0.135331899 -0.00986638945 0.161312789 -0.137967244 0.150056377 0.104395352 0.20119144 -0.0213696528 0.0280008521 -0.0158079341 0.00660323724 -0.207910493 0.232192218 0.0646813586 -0.026468819 0.236405402 0.00216614269 -0.0818741396 0.147801116 0.0331348516 -0.100749902 -0.290680051 0.156840608 -0.337701678 -0.0235633906 0.0368195362 -0.0445535667 -0.0962077975 -0.013025892 -0.0342596732 -0.0788581222 -0.0828640386 0.0985531136 0.225383997 -0.0248650517 -0.0678796917 -0.191660464 0.017447399 -0.0342227928 0.266716182 -0.0829170868 0.0137339402 -0.222711638 0.0776501969 -0.00355836214 -0.0442365296 -0.0594864413 0.0341835171 -0.0524026714 -0.00134568755 0.0408765338
0.137764797 -0.224128589 -0.0864886492 0.0324934982 0.283949465 -0.204246253 -0.178505421 -0.136833996 0.204382524 -0.185955226 0.166361243 -0.0109968251 0.0027630406 -0.164275795 0.0118519505 -0.00112784107 0.0264279936 -0.0615581125 0.0386640094 -0.017745886 0.0624189079 0.151094183 0.0558697656 -0.0707955062 -0.129869953 0.184743047 0.0272101052 0.167968348 -0.0409657396 0.0999312252 -0.124624282 0.142351732 -0.142557546 -0.0480531342 -0.0589022525 -0.000979985576 0.117451251 -0.202856064 -0.0611802489 -0.0827046707 -0.0496236943 -0.186807975 -0.0919706449 0.071805127 -0.141215354 0.090713881 0.177794799 0.115123712 -0.11766319 0.0892608613 0.0255379174 -0.0590996556 -0.166520268 0.00370782497 -0.0899742618 0.0733131319 -0.10788101 -0.0212906674 0.0614641123 0.206197664 -0.212226316 0.00891097076 0.247964099 0.0408183932
-0.107367501 -0.108177252 -0.149325162 -0.022373246 0.00823535863 -0.0132925361 0.0176178627 0.0877273753 0.094311744 -0.173453957 -0.0530424267 -0.112817176 0.301834911 0.234608978 0.0784595013 0.175597131 -0.0914182216 -0.108429015 0.00179083063 -0.150029629 -0.220290646 0.193513468 0.203459948 -0.156598404 0.00225230283 -0.111462094 0.160279214 -0.00790738035 -0.0534837209 0.124858595 -0.130510539 0.130902633 0.0513121746 0.00320175686 0.0578449368 -0.0651283488 0.046381142 0.0758331418 0.039778471 0.117880456 0.225626573 0.182790652 -0.0559824891 0.147470564 0.0777624547 0.0396081582 -0.159004778 -0.142142579 -0.0977097973 -0.0552761108 -0.139188886 -0.135806188 0.141153708 0.0577356443 0.0159001295 -0.0162241049 0.355490267 -0.0164285135 -0.0337632857 0.0654458255 0.000567540934 -0.140082732 0.0268114973 -0.0149904843
0.0544295646 -0.221892595 -0.249868616 -0.0191454794 -0.200112805 -0.0785755068 0.00353652029 -0.0405010357 0.0528097525 -0.170524701 -0.173557714 0.102372512 0.255232573 -0.104489371 0.0235247593 -0.141284138 -0.031496305 0.119714312 -0.0756995827 0.029616911 -0.0106884884 0.102883205 0.0625548139 0.0109977666 0.0673366487 -0.219443366 0.0797318816 -0.0505357273 0.189533278 0.14632234 0.0407319926 0.333871812 -0.0275142305 0.198712602 0.046300184 0.0368124135 0.0694175735 -0.115594856 -0.141226426 0.239260122 0.0974400789 0.110932179 -0.0725571662 0.141366571 -0.102086261 0.0382782929 0.0550041161 -0.0472606048 0.182413027 0.0137395663 0.0270397179 -0.0119697815 -0.0243745707 0.194798812 0.221018031 -0.22670579 0.0467362702 -0.0418768823 -0.0100717703 -0.0340901837 0.0706458688 0.0863638222 -0.00787157007 -0.0721737966
-0.146451399 -0.0854591057 -0.132791027 -0.00907118246 -0.230694905 -0.053475704 0.18536514 -0.0659349039 0.121568687 -0.144970477 -0.22861588 -0.0158447977 -0.0294048507 -0.0624247566 0.306673557 0.0123808412 -0.0838458464 -0.245091528 -0.0496684685 -0.0870007873 0.0829084218 -0.0953121036 -0.0940518379 0.0779091641 -0.180131525 0.171660513 -0.0361792371 0.0798810795 0.0098704556 -0.0402465798 -0.0130198374 0.123530485 0.0253451075 -0.138221905 -0.0864829049 -0.0844696015 0.00305268122 0.127178833 0.100020654 -0.016411148 0.00906806905 0.136733606 0.099697195 0.1683487 -0.13844265 -0.0461834706 -0.0614071451 0.389921486 0.0856108218 -0.186139539 -0.177886173 -0.0554439425 -0.0405445993 -0.0113533838 0.143865615 -0.0760435611 0.0740495622 0.108423173 0.158009008 -0.0136363432 0.103498615 0.108402282 -0.0503445975 0.0968789011
-0.256317705 -0.0803846866 0.0862181634 -0.161933646 -0.0206928197 -0.0569453686 0.299056381 -0.046527829 0.000226515767 0.0366474986 -0.0790786818 -0.154065371 -0.192611843 0.0463637933 -0.00278431643 -0.128168389 0.151721224 0.109143041 -0.0577991679 -0.0326481424 0.0208967533 -0.00678272452 0.139381841 -0.126481563 0.182850406 -0.0963724107 -0.0189488847 0.283069521 -0.0433217064 -0.0137386583 0.114726625 0.0722981095 -0.0532081127 -0.100762166 0.0374303497 0.100944959 0.112993971 -0.103905648 0.0382044762 -0.0588511191 0.0107666412 -0.0114226714 -0.18776691 -0.177849323 -0.0477665327 -0.0727631599 0.0407041535 0.0724025965 0.0484755673 0.0271052253 0.167421833 -0.164647385 -0.0128458953 -0.172932491 0.240567088 0.0678592697 -0.0139071085 -0.157187805 0.175890207 -0.0798311159 -0.231068596 -0.273895651 -0.0283344351 0.12695922
0.0442812257 0.310028821 0.0181428529 -0.0752047002 0.138628229 -0.197660834 -0.097387515 0.122329943 -0.147618696 0.146532983 0.0739652142 -0.0414423533 0.179131389 0.0107074771 0.231234699 -0.00439901557 0.00610881066 0.06600786 0.00321851112 0.272108316 -0.0716865882 0.0431989916 -0.00391023094 0.0649302453 -0.109998159 -0.164780259 0.159587771 -0.196268782 -0.121000737 0.203033209 -0.07006675 -0.00115973107 0.103785522 0.00530522689 -0.109083802 0.0143262818 0.0535477884 -0.0527969562 -0.0581022501 0.177444965 -0.0479497537 -0.248202041 0.00487578427 0.0259122439 0.0157684833 0.092462115 0.313162148 -0.057649184 -0.102583557 -0.0167222619 0.0612952784 -0.10746412 0.0937128216 0.0548376776 -0.0523478873 0.0224021394 0.0536666028 -0.126484796 -0.146132439 -0.237242728 -0.0891636088 0.193315059 -0.0446738787 -0.0130584417
0.0245754998 0.226831302 -0.053907007 -0.155238837 -0.200954199 0.0179069117 0.00299686729 0.110119663 0.0749935582 -0.0606330484 0.00588599872 0.165207237 -0.0418292023 -0.284669697 0.131867513 0.0819749236 0.117593944 -0.176033705 0.0911267698 -0.0349617191 0.11148221 0.0849216953 -0.115116246 0.0425707661 -0.0132256784 -0.00525349518 -0.123465262 -0.110684454 0.110000677 -0.104444645 0.226063117 0.0706518143 0.155853227 -0.0332311168 0.0870902687 -0.0948452428 -0.225033656 0.000363635772 -0.123053089 0.141010925 0.114426322 -0.159672707 0.0288722813 0.00890744943 0.175745502 -0.00183237973 0.0991392583 0.0337741114 -0.13496238 -0.233989343 -0.0810123011 -0.266109824 0.192822739 0.0316664092 0.13564992 0.0796561018 -0.00686017703 -0.10623879 -0.0213800948 -0.0641379803 0.0849022865 0.127423763 -0.0335046798 -0.256865829
-0.13225612 0.159275249 0.0129074501 0.00943290722 -0.0317411385 -0.228966251 -0.139414012 0.0428996682 0.025142746 -0.248853281 -0.093046166 -0.174036577 0.0748309419 -0.0201155785 0.129783675 0.158886269 -0.101789013 0.237226307 -0.0144420639 0.0659856424 0.143729359 -0.063181527 -0.285131752 -0.00770032452 -0.114947863 0.0912692398 -0.195400953 -0.0805962533 -0.129418343 0.105344906 -0.0810099393 -0.00829265732 -0.0544607192 -0.277601689 0.084648557 -0.0496419594 -0.0392117947 -0.124349318 0.0630633682 0.0481337011 0.0818798468 0.0825986564 -0.194129512 -0.175913662 -0.0836340189 0.174729496 -0.0534306616 -0.00692456542 -0.0195575301 0.1161815 -0.147655994 0.0316134617 0.0508487634 0.122404523 0.120250896 0.0990519822 0.0368536972 0.243241727 0.0179423951 0.161967382 -0.162085086 0.151853964 -0.0523600765 0.0381163768
-0.216051146 0.137133151 0.0316537954 0.196717516 0.0144931441 -0.0517437793 0.0745318383 -0.0326719992 -0.211732462 -0.105786815 0.00843454339 -0.00332059804 0.0838034824 0.0370036364 -0.148330808 0.123536982 -0.09939868 -0.132487655 -0.120996729 -0.0793329179 -0.0845893919 0.0538633093 -0.0328982435 -0.0321789309 -0.0251209121 0.0160235427 0.170892656 -0.133062452 -0.328055918 0.208580077 0.0238220915 -0.0673027635 0.127299353 0.00703787431 0.224357307 -0.169453084 0.0220152829 0.0269958824 0.136652663 0.152823508 0.161101386 0.149480596 0.0315163657 -0.114695773 -0.0258098952 -0.0101053845 0.0902458578 -0.132896096 -0.0134906694 0.000544562528 -0.250457138 -0.198094532 -0.138327077 -0.101234592 -0.131854162 -0.148811698 -0.113833711 0.0476194173 -0.0263159499 -0.232319623 -0.067693457 -0.0774736851 -0.114451319 -0.163635299
-0.251524389 0.113486424 0.243435159 -0.113774501 0.0510805547 -0.080975391 0.0509232618 -0.0143376552 0.0686877444 -0.0132533005 0.232064322 -0.0922026038 0.0432830974 -0.275262684 -0.0817392841 0.00804382842 -0.0470606908 0.0769089758 0.0624718331 -0.128614888 0.115664475 0.187319338 0.0478302836 0.0528309345 -0.0198742487 0.0179416388 -0.0773738474 0.0284252092 -0.0238963589 -0.153901994 0.203734815 -0.0454251133 -0.054327108 0.0374781564 -0.184277773 0.0450760089 0.0612522475 0.0504805408 0.104752883 -0.046670489 -0.0231892634 0.0180050693 0.221832082 -0.104149349 0.0536396317 -0.0795780271 -0.00334097538 0.0242022108 0.160620362 0.0338961929 -0.37050575 0.0340679511 0.162682384 -0.236255884 -0.0106721772 -0.0734559596 -0.0308244675 0.000754474313 0.12748611 0.324690938 0.0288815349 -0.134033024 0.0521985963 -0.0523390621
-0.00932840165 0.10659118 -0.0100692436 0.00411678758 0.0982916653 0.0285737086 -0.0186784454 -0.123225324 0.112244919 -0.160182625 0.167570606 -0.0097400276 0.219038695 0.234702498 -0.0621191002 -0.14197965 0.100377709 0.10676641 0.174428433 -0.0410837606 0.0745523199 -0.153688923 -0.180643126 -0.205190107 -0.0248539206 -0.238457546 -0.00936819427 0.208930314 0.0460712574 -0.0955372751 0.0101731615 0.103613943 0.0480604693 0.143207043 -0.155553415 -0.038413506 0.0917660296 -0.109965652 0.133385807 -0.121909142 -0.0339062959 0.0416191183 0.0143885557 0.232291296 -0.192445382 0.132492349 0.215978757 0.0713925883 -0.137314379 0.237498105 -0.211224467 0.00680191815 -0.0780798569 0.0248452555 -0.0488744974 -0.206514046 0.067534402 -0.0687311888 -0.076183863 -0.0400879532 0.0735055432 -0.0971198976 -0.138833955 -0.0241153687
